year,month,day,Amount_mm
1961,1,1,1
1961,1,2,14
1961,1,3,8.6
1961,1,5,7.6
1961,1,6,2.2
1961,1,7,1.7
1961,1,8,1
1961,1,10,1.4
1961,1,11,7.7
1961,1,12,1.5
1961,1,19,12.8
1961,1,20,2.1
1961,1,21,1.5
1961,1,23,1.2
1961,1,24,1
1961,1,28,5.3
1961,1,29,2.6
1961,1,31,6
1961,2,3,2.4
1961,2,4,5
1961,2,6,5.5
1961,2,8,5.6
1961,2,11,1.8
1961,2,24,2.9
1961,2,25,3.2
1961,2,26,1.3
1961,3,1,1.3
1961,3,29,9.9
1961,3,30,2.7
1961,4,1,9
1961,4,2,1.3
1961,4,4,8.6
1961,4,5,2
1961,4,9,2.5
1961,4,11,7.6
1961,4,12,6.4
1961,4,13,1
1961,4,19,3.1
1961,4,21,1
1961,4,22,5.1
1961,4,24,4.1
1961,4,27,1.3
1961,4,30,2.2
1961,5,1,6
1961,5,2,2.8
1961,5,4,21.7
1961,5,7,1.1
1961,5,18,1.1
1961,5,30,1
1961,5,31,4.5
1961,6,1,1.4
1961,6,7,1.3
1961,6,8,1.6
1961,6,10,19.5
1961,6,11,6.9
1961,6,12,5.2
1961,6,21,1.3
1961,7,1,13.3
1961,7,2,17.4
1961,7,3,1
1961,7,7,3.8
1961,7,11,1.5
1961,7,12,41.6
1961,7,14,13.5
1961,7,15,14.8
1961,7,16,1.6
1961,8,2,2.6
1961,8,3,7.4
1961,8,5,2
1961,8,7,10.1
1961,8,8,5.2
1961,8,10,8.2
1961,8,11,8.9
1961,8,20,1
1961,8,21,1.3
1961,8,22,1.5
1961,8,23,4.6
1961,9,2,10.1
1961,9,4,1.2
1961,9,5,4.9
1961,9,6,3
1961,9,9,3.1
1961,9,12,5.8
1961,9,13,4.3
1961,9,14,2.1
1961,9,26,2.1
1961,9,27,1.9
1961,9,29,6.2
1961,10,4,4.1
1961,10,5,5.1
1961,10,7,1.9
1961,10,9,4.8
1961,10,10,2.6
1961,10,16,7.1
1961,10,17,5
1961,10,18,4.8
1961,10,19,11.6
1961,10,20,8.9
1961,10,22,6.9
1961,10,23,1.6
1961,10,24,2.4
1961,10,27,9.5
1961,11,2,1.8
1961,11,4,1.7
1961,11,11,4.3
1961,11,12,2.8
1961,11,13,1.5
1961,11,22,2.6
1961,11,24,2.3
1961,11,26,3
1961,11,28,1
1961,11,29,6.5
1961,11,30,1.7
1961,12,4,6.6
1961,12,5,1.2
1961,12,8,3.2
1961,12,9,9.4
1961,12,10,7.7
1961,12,12,3.2
1961,12,13,4.9
1961,12,25,1.6
1961,12,28,2.6
1961,12,29,5.9
1961,12,30,1.3
1961,12,31,4.7
1962,1,8,1.7
1962,1,10,5.1
1962,1,11,3
1962,1,15,1.6
1962,1,16,2.4
1962,1,21,4
1962,1,22,4
1962,1,23,5.8
1962,1,24,1.9
1962,1,30,5.2
1962,2,4,1.1
1962,2,7,1.8
1962,2,8,1.9
1962,2,11,1.5
1962,2,24,1
1962,2,25,1.8
1962,2,26,4.3
1962,2,27,2.7
1962,2,28,1.9
1962,3,2,2
1962,3,3,2
1962,3,4,2.5
1962,3,8,5.4
1962,3,9,1.5
1962,3,10,2.7
1962,3,22,2.2
1962,3,25,4.9
1962,3,26,1.9
1962,3,27,1.3
1962,3,28,2.7
1962,3,29,2.3
1962,4,2,2.9
1962,4,4,5.3
1962,4,5,2.5
1962,4,6,4.6
1962,4,7,1.3
1962,4,8,1.6
1962,4,16,4.6
1962,4,17,1.2
1962,4,18,3.1
1962,4,20,2
1962,4,21,15.8
1962,5,4,1.2
1962,5,5,2.3
1962,5,7,6.9
1962,5,8,6.1
1962,5,9,4.3
1962,5,10,1.9
1962,5,15,1.7
1962,5,18,11.8
1962,5,19,7.8
1962,5,20,1.8
1962,5,22,1.6
1962,5,25,1
1962,5,26,1.2
1962,5,28,8.1
1962,6,11,1.4
1962,6,12,1.4
1962,6,15,5.4
1962,6,23,2.7
1962,6,30,1.6
1962,7,10,30.7
1962,7,14,1.3
1962,7,15,1.3
1962,7,18,2.6
1962,7,20,4.7
1962,7,22,1.3
1962,7,24,6.7
1962,7,29,2.7
1962,8,2,4.7
1962,8,3,3.5
1962,8,6,3.5
1962,8,7,1.6
1962,8,9,2
1962,8,10,8.8
1962,8,14,6.4
1962,8,15,1.5
1962,8,19,8.1
1962,8,21,2.1
1962,8,23,3.2
1962,8,26,6.8
1962,8,27,1.5
1962,9,2,3.1
1962,9,3,1.4
1962,9,4,9
1962,9,5,2
1962,9,6,1.8
1962,9,9,4.8
1962,9,10,5.1
1962,9,11,30.6
1962,9,18,2
1962,9,19,1.3
1962,9,22,5.3
1962,9,27,2.8
1962,9,29,16.4
1962,9,30,3.8
1962,10,4,1.6
1962,10,11,1.4
1962,10,25,3.3
1962,10,27,1.3
1962,10,29,4
1962,11,1,3.4
1962,11,3,1.4
1962,11,4,1.4
1962,11,5,2.4
1962,11,8,1.6
1962,11,9,1.6
1962,11,12,5.6
1962,11,16,4.4
1962,11,17,23.2
1962,11,18,6.7
1962,11,23,7
1962,12,8,6
1962,12,11,2.7
1962,12,12,7.4
1962,12,14,2.3
1962,12,15,1.4
1962,12,17,1
1962,12,19,4.6
1962,12,20,2.5
1962,12,25,3.9
1962,12,26,5.7
1962,12,27,2.8
1962,12,28,1.2
1962,12,29,3.7
1962,12,30,6.4
1962,12,31,3.3
1963,1,1,1.7
1963,1,3,10.6
1963,1,4,13.7
1963,1,5,3.9
1963,1,9,1.1
1963,1,10,4.5
1963,1,11,4.2
1963,1,12,2.7
1963,1,16,1.4
1963,1,17,1.9
1963,1,29,7.4
1963,1,30,2.6
1963,1,31,3
1963,2,1,7.9
1963,2,3,4.4
1963,2,4,1.2
1963,2,6,3.5
1963,2,7,11.7
1963,2,11,1.4
1963,2,12,4.7
1963,2,14,9.1
1963,2,15,2.1
1963,2,16,2.5
1963,2,17,6
1963,2,20,3.4
1963,2,21,1
1963,3,5,2
1963,3,6,1.2
1963,3,8,2.1
1963,3,9,2.7
1963,3,12,1.5
1963,3,13,12.2
1963,3,15,1.2
1963,3,17,1.8
1963,3,18,3
1963,3,28,2.3
1963,3,29,5.9
1963,3,30,1.3
1963,4,4,6.9
1963,4,5,8
1963,4,9,1.8
1963,4,10,2
1963,4,11,2.7
1963,4,13,1.5
1963,4,14,4.1
1963,4,16,2.1
1963,4,17,6
1963,4,19,1.3
1963,4,20,1.7
1963,4,27,2.8
1963,5,10,4.1
1963,5,11,2.1
1963,5,16,1.3
1963,5,18,2.7
1963,5,19,3.1
1963,5,20,3.6
1963,5,21,3.5
1963,5,23,1.7
1963,5,24,1.4
1963,6,4,1.4
1963,6,6,5.2
1963,6,7,3.2
1963,6,12,10
1963,6,14,2
1963,6,15,6.2
1963,6,17,7.6
1963,6,20,2.9
1963,6,22,1.4
1963,6,23,1.1
1963,6,25,18.3
1963,6,27,4.7
1963,6,28,15.4
1963,6,29,1.1
1963,6,30,8.1
1963,7,1,1.1
1963,7,2,2.6
1963,7,3,1.5
1963,7,4,5.7
1963,7,6,3.3
1963,7,10,2.9
1963,7,11,1.5
1963,7,12,4.8
1963,7,14,4.6
1963,7,16,3.5
1963,7,23,2.9
1963,7,25,1.6
1963,8,2,5.3
1963,8,3,1.7
1963,8,4,40.2
1963,8,5,4.4
1963,8,7,8.7
1963,8,8,2.6
1963,8,9,3.4
1963,8,10,13
1963,8,11,1.7
1963,8,13,2.2
1963,8,16,7.8
1963,8,17,6
1963,8,20,4
1963,8,21,1.4
1963,8,23,3.5
1963,8,24,5.1
1963,8,25,18
1963,8,26,2.1
1963,8,27,6.1
1963,8,28,1.2
1963,8,30,5.8
1963,8,31,2.7
1963,9,2,6.5
1963,9,4,5.7
1963,9,8,1.2
1963,9,9,1.4
1963,9,17,4.8
1963,9,25,13.1
1963,9,26,1.2
1963,9,28,1.5
1963,10,1,3.3
1963,10,2,6.1
1963,10,6,2.9
1963,10,7,1
1963,10,21,2.4
1963,10,22,1.5
1963,10,31,13.1
1963,11,1,4.3
1963,11,2,1.6
1963,11,3,1.6
1963,11,4,1.7
1963,11,5,3.8
1963,11,6,12
1963,11,7,14.3
1963,11,8,1.5
1963,11,9,1.8
1963,11,10,18.4
1963,11,15,6.8
1963,11,17,11.3
1963,11,18,2.3
1963,11,19,4.6
1963,11,21,9.9
1963,11,22,8.8
1963,11,23,13.5
1963,11,24,1.5
1963,11,25,2
1963,11,26,1.4
1963,11,28,7.4
1963,11,29,1.4
1963,11,30,2
1963,12,7,1.3
1963,12,13,2
1963,12,14,4.4
1963,12,15,2.3
1963,12,16,1
1963,12,17,5.3
1963,12,18,4.2
1964,1,12,2.2
1964,1,13,4.7
1964,1,14,1.4
1964,1,27,3.7
1964,1,29,1.9
1964,2,17,7.1
1964,2,18,1
1964,2,23,9.6
1964,2,24,2.6
1964,3,3,1.2
1964,3,4,5.6
1964,3,5,2
1964,3,6,2.4
1964,3,12,1.3
1964,3,13,2.3
1964,3,14,28.6
1964,3,15,2.1
1964,3,19,7.5
1964,3,20,1.2
1964,3,21,2.1
1964,3,24,19.6
1964,3,25,5
1964,3,30,2.3
1964,4,13,3.6
1964,4,15,1.1
1964,4,18,10.2
1964,4,19,9.6
1964,4,20,2.2
1964,4,21,10.4
1964,4,22,1.8
1964,4,26,2.8
1964,4,28,1.6
1964,5,2,1.4
1964,5,4,1.9
1964,5,7,2.6
1964,5,18,3.2
1964,5,21,5.4
1964,5,31,7.2
1964,6,2,6.7
1964,6,4,15
1964,6,6,7.3
1964,6,9,4.3
1964,6,12,4.3
1964,6,16,3
1964,6,17,7.2
1964,6,18,1.3
1964,6,19,2.8
1964,6,20,7.8
1964,6,26,1.8
1964,7,8,1.6
1964,7,10,1.5
1964,7,13,2
1964,7,14,1.2
1964,7,17,2.1
1964,7,18,19.9
1964,8,5,5.9
1964,8,6,14.9
1964,8,7,3.1
1964,8,8,9.9
1964,8,9,2.1
1964,8,15,3.3
1964,8,16,2.7
1964,8,17,9.5
1964,8,18,18.5
1964,8,19,2.3
1964,8,23,1.7
1964,8,24,1.7
1964,9,5,8.6
1964,9,9,1.2
1964,9,13,1.6
1964,9,14,1.1
1964,9,16,11.8
1964,9,18,3.5
1964,9,19,1.6
1964,9,20,2.5
1964,9,21,1.9
1964,9,26,1.6
1964,10,5,3.9
1964,10,6,1.4
1964,10,20,1.3
1964,10,22,1.3
1964,10,29,1.8
1964,11,6,1.1
1964,11,7,1
1964,11,11,2.4
1964,11,13,2.2
1964,11,15,1.6
1964,11,18,2
1964,11,20,1.9
1964,11,29,2
1964,11,30,3.6
1964,12,2,1
1964,12,5,2.1
1964,12,7,6.3
1964,12,8,5
1964,12,12,10.4
1964,12,13,1.4
1964,12,17,1.1
1964,12,19,3.6
1964,12,21,2.3
1964,12,24,1.6
1964,12,29,8.4
1964,12,30,2.2
1964,12,31,1.9
1965,1,6,2.1
1965,1,7,1
1965,1,8,1.2
1965,1,9,6.2
1965,1,13,7
1965,1,14,2
1965,1,15,1
1965,1,16,8.8
1965,1,17,3.3
1965,1,20,1.1
1965,1,23,4.4
1965,1,25,3.9
1965,1,26,6.3
1965,1,27,9.7
1965,1,28,2
1965,2,6,1
1965,2,16,2
1965,2,18,2.2
1965,2,19,1.2
1965,2,21,1
1965,2,23,1.7
1965,2,25,1.5
1965,2,28,8.5
1965,3,5,2.4
1965,3,7,1.6
1965,3,8,1.3
1965,3,15,1
1965,3,20,1.4
1965,3,22,14.3
1965,3,23,21.5
1965,3,24,4.3
1965,3,25,6.9
1965,3,26,1.7
1965,4,5,2.1
1965,4,6,1.5
1965,4,7,1.5
1965,4,8,5.4
1965,4,9,9.2
1965,4,10,2
1965,4,11,1.8
1965,4,14,5.8
1965,4,17,2.8
1965,4,19,5.3
1965,4,25,1.9
1965,4,26,7.6
1965,4,27,5.7
1965,4,28,4.3
1965,5,2,3
1965,5,3,4.1
1965,5,4,1.2
1965,5,6,4.6
1965,5,7,2.2
1965,5,8,2.5
1965,5,16,24.4
1965,5,17,12.9
1965,5,18,1.9
1965,5,23,1.9
1965,5,24,2.1
1965,5,25,1.7
1965,5,26,2.3
1965,5,30,1.9
1965,6,6,5.2
1965,6,7,1.8
1965,6,11,1
1965,6,12,2.4
1965,6,14,2.7
1965,6,17,2
1965,6,20,3.8
1965,6,21,10.9
1965,6,25,1.3
1965,7,3,1.1
1965,7,4,1
1965,7,8,1.3
1965,7,9,2.6
1965,7,10,3.4
1965,7,11,1.8
1965,7,12,18.8
1965,7,13,5.5
1965,7,21,1.6
1965,7,22,2.8
1965,7,24,4.5
1965,7,27,4.8
1965,7,28,11.4
1965,7,29,13.4
1965,7,31,2.1
1965,8,2,7.7
1965,8,4,10.9
1965,8,6,1.1
1965,8,7,3.4
1965,8,14,6.5
1965,8,15,8.5
1965,8,17,1.1
1965,8,20,3.8
1965,8,21,4.6
1965,8,24,8.4
1965,8,29,1.1
1965,8,30,1.4
1965,8,31,1.1
1965,9,3,29.6
1965,9,4,2.8
1965,9,6,12.6
1965,9,7,2.3
1965,9,8,1
1965,9,10,5
1965,9,15,10.8
1965,9,17,16.9
1965,9,23,1.9
1965,9,25,8.3
1965,9,26,2.4
1965,9,28,20.3
1965,9,29,11.3
1965,9,30,14.3
1965,10,1,14.4
1965,10,7,1
1965,10,14,3.3
1965,10,30,4.4
1965,10,31,9.7
1965,11,1,6.6
1965,11,6,1.2
1965,11,7,3.9
1965,11,11,3.9
1965,11,12,6.3
1965,11,13,3.2
1965,11,14,5.2
1965,11,15,2.4
1965,11,16,2.4
1965,11,17,27.4
1965,11,18,16.1
1965,11,19,25.1
1965,11,20,4.9
1965,11,21,1.6
1965,11,22,2.3
1965,11,23,4
1965,11,24,2.1
1965,11,25,10.5
1965,11,26,15.6
1965,11,27,1.1
1965,11,28,5.2
1965,11,29,5.6
1965,12,1,4
1965,12,2,1.9
1965,12,4,1.3
1965,12,8,1.8
1965,12,9,8.5
1965,12,14,3
1965,12,15,1.6
1965,12,17,2.2
1965,12,22,8.2
1965,12,23,1.1
1965,12,24,3.1
1965,12,25,2
1965,12,29,2.4
1965,12,31,7.2
1966,1,1,2
1966,1,2,1.6
1966,1,4,5.2
1966,1,12,1.2
1966,1,13,2.8
1966,1,14,2.9
1966,1,15,5.3
1966,1,16,1.4
1966,1,21,1.6
1966,1,22,4.5
1966,1,25,2.3
1966,1,26,5
1966,1,27,6
1966,1,28,1
1966,2,3,2.1
1966,2,4,3.8
1966,2,6,1
1966,2,7,20.9
1966,2,8,10.6
1966,2,9,3.4
1966,2,10,1.7
1966,2,12,3.8
1966,2,13,2.3
1966,2,18,7
1966,2,19,7.3
1966,2,20,3
1966,2,22,2.2
1966,2,24,6.6
1966,2,25,3.2
1966,2,26,2
1966,3,1,1.4
1966,3,22,1.1
1966,3,26,3.6
1966,3,27,2.6
1966,3,31,2.3
1966,4,1,12.1
1966,4,2,2.3
1966,4,5,7.7
1966,4,8,8.1
1966,4,9,26.9
1966,4,10,3.3
1966,4,11,6.5
1966,4,12,1.3
1966,4,14,1
1966,4,15,1.3
1966,4,18,6.9
1966,4,21,1.6
1966,4,22,1.5
1966,4,23,1
1966,5,5,4.5
1966,5,7,1.2
1966,5,8,4.6
1966,5,11,18.9
1966,5,17,4.1
1966,5,19,6.7
1966,5,20,1
1966,5,21,1.2
1966,5,22,4.5
1966,5,24,4.4
1966,5,25,1.1
1966,6,4,1.4
1966,6,6,2.1
1966,6,12,4
1966,6,16,3
1966,6,17,17.4
1966,6,19,3.4
1966,6,21,9.3
1966,6,22,13.3
1966,6,23,12.4
1966,6,24,1.4
1966,6,26,5.5
1966,6,27,2.3
1966,7,3,2.1
1966,7,6,1.5
1966,7,8,2.1
1966,7,10,8.6
1966,7,13,8.2
1966,7,14,2.2
1966,7,23,1.4
1966,7,24,1
1966,7,25,3
1966,7,26,5.7
1966,7,28,2.5
1966,7,29,4.6
1966,7,30,1.1
1966,7,31,10.1
1966,8,1,8.8
1966,8,2,5.9
1966,8,3,11.9
1966,8,4,4.9
1966,8,7,1.8
1966,8,8,4.1
1966,8,9,4.9
1966,8,11,2
1966,8,12,7.6
1966,8,13,38.5
1966,8,14,1
1966,8,17,1.2
1966,8,20,8.5
1966,8,21,9.2
1966,8,29,4.4
1966,8,31,3.5
1966,9,1,2.6
1966,9,2,3
1966,9,4,11.1
1966,9,9,1.1
1966,9,11,10.9
1966,9,12,9
1966,9,16,1.4
1966,9,30,1.7
1966,10,1,5.4
1966,10,2,1.3
1966,10,3,33.7
1966,10,4,1.8
1966,10,13,8.6
1966,10,14,4.8
1966,10,15,11
1966,10,17,5.3
1966,10,18,5.1
1966,10,24,1.3
1966,10,26,16.4
1966,10,27,3.2
1966,11,1,3.1
1966,11,5,2.1
1966,11,6,11
1966,11,11,1.2
1966,11,12,1.3
1966,11,13,1.2
1966,11,15,3.4
1966,11,17,5.7
1966,11,18,3.3
1966,11,19,1.4
1966,11,20,3.5
1966,11,21,4.1
1966,11,29,2
1966,11,30,2
1966,12,1,7.4
1966,12,5,4.5
1966,12,7,2.8
1966,12,8,2.3
1966,12,11,7.2
1966,12,12,14.4
1966,12,17,1.6
1966,12,19,9
1966,12,27,1.1
1966,12,29,10.4
1966,12,30,3.8
1967,1,4,3
1967,1,6,1
1967,1,18,3.6
1967,1,20,1.2
1967,1,21,4.9
1967,1,22,4.7
1967,1,23,4.3
1967,1,25,1.9
1967,2,1,2.1
1967,2,6,2
1967,2,16,2.2
1967,2,17,4.6
1967,2,18,5.6
1967,2,19,3.3
1967,2,22,24.5
1967,2,25,1.5
1967,2,27,1.5
1967,3,8,3
1967,3,9,9.7
1967,3,10,1.6
1967,3,28,1.5
1967,3,30,3
1967,4,2,1.1
1967,4,6,5.6
1967,4,7,4.5
1967,4,8,7
1967,4,20,1.9
1967,4,22,2.5
1967,4,24,7.9
1967,5,1,3
1967,5,3,8.8
1967,5,5,4.6
1967,5,6,2
1967,5,7,2.5
1967,5,8,2.9
1967,5,10,12.3
1967,5,11,9.3
1967,5,12,3.5
1967,5,13,3.4
1967,5,14,5.6
1967,5,15,6.2
1967,5,16,1.4
1967,5,20,1.6
1967,5,21,2.4
1967,5,22,2.3
1967,5,23,2.4
1967,5,24,4.1
1967,5,25,7.1
1967,5,27,4
1967,5,28,6
1967,5,29,1.1
1967,6,5,1.4
1967,6,6,3.3
1967,6,7,2.6
1967,6,19,1.8
1967,6,21,2.4
1967,6,22,5.6
1967,6,24,10.7
1967,6,25,10.1
1967,6,28,1.7
1967,7,1,1
1967,7,7,8.8
1967,7,13,3.6
1967,7,14,29.6
1967,7,17,7.1
1967,7,29,7.4
1967,7,30,2.4
1967,7,31,3.5
1967,8,4,6.4
1967,8,8,11
1967,8,9,18
1967,8,11,5
1967,8,12,1.4
1967,8,13,2.6
1967,8,14,6.9
1967,8,16,2.2
1967,8,17,4.1
1967,8,18,18.1
1967,9,2,7.1
1967,9,3,1.4
1967,9,4,5.5
1967,9,5,1.6
1967,9,18,1
1967,9,19,1.3
1967,9,20,4
1967,9,21,3.6
1967,9,22,1.3
1967,9,24,3.3
1967,9,25,6.3
1967,9,26,7.2
1967,9,29,5.8
1967,10,1,2.6
1967,10,2,5.2
1967,10,3,5.9
1967,10,6,2.7
1967,10,8,3.9
1967,10,14,3.4
1967,10,16,41.2
1967,10,18,4.9
1967,10,23,1.7
1967,10,25,1.8
1967,10,27,8
1967,10,30,2.1
1967,10,31,1.9
1967,11,1,29.4
1967,11,2,2.9
1967,11,4,10.6
1967,11,5,32.5
1967,11,6,1.6
1967,11,7,1.5
1967,11,10,2.7
1967,11,15,1.7
1967,11,24,4.5
1967,11,25,2.4
1967,11,26,1.5
1967,11,27,2.8
1967,12,9,6.2
1967,12,10,1.5
1967,12,11,4.2
1967,12,20,2.9
1967,12,22,3.4
1967,12,24,2.4
1967,12,26,1.5
1967,12,28,6.2
1968,1,1,1.9
1968,1,2,1.3
1968,1,4,1.2
1968,1,5,3.6
1968,1,15,6.6
1968,1,16,5.2
1968,1,18,2
1968,1,24,1.9
1968,1,30,2.2
1968,2,2,2.2
1968,2,4,5.3
1968,2,5,14.2
1968,2,6,4.7
1968,2,7,12.4
1968,2,8,2.8
1968,2,12,5.2
1968,2,16,1
1968,2,19,2.6
1968,2,20,5
1968,3,16,4.4
1968,3,17,2.6
1968,3,19,5.6
1968,3,20,10
1968,3,21,2.1
1968,3,22,9.5
1968,3,23,1
1968,3,24,1.1
1968,3,29,4.6
1968,3,31,6.9
1968,4,1,1.9
1968,4,6,1
1968,4,16,16.9
1968,4,17,2.1
1968,4,18,11.3
1968,4,19,2.8
1968,4,21,2.5
1968,4,22,3.6
1968,4,27,1.9
1968,5,1,3.3
1968,5,2,4.1
1968,5,3,6.4
1968,5,9,4
1968,5,10,1.6
1968,5,11,6.1
1968,5,12,2.7
1968,5,14,4.8
1968,5,15,1.8
1968,5,25,5.2
1968,6,7,3.1
1968,6,19,7.7
1968,6,22,14.4
1968,6,23,5
1968,6,24,2.2
1968,6,26,6.7
1968,6,27,3.3
1968,6,28,2.6
1968,7,1,18.4
1968,7,2,7.7
1968,7,8,2.4
1968,7,9,12.2
1968,7,10,6.7
1968,7,12,3.5
1968,7,14,7.3
1968,7,15,26
1968,7,16,3.3
1968,7,19,1.7
1968,7,20,6.1
1968,7,22,4.1
1968,8,5,1.1
1968,8,12,3
1968,8,13,26
1968,8,14,1.1
1968,8,15,5.9
1968,8,16,2.8
1968,8,17,4.7
1968,8,19,8.1
1968,8,28,1.5
1968,9,1,10.2
1968,9,5,4.3
1968,9,11,1.5
1968,9,12,11.8
1968,9,14,1
1968,9,19,10.6
1968,9,20,9.8
1968,9,22,7
1968,9,23,2.4
1968,9,25,6.5
1968,9,27,9.3
1968,9,29,1.9
1968,9,30,8.1
1968,10,1,5.2
1968,10,4,1.1
1968,10,6,4
1968,10,9,3.9
1968,10,11,2.7
1968,10,15,1.2
1968,10,19,1.5
1968,10,27,11.5
1968,10,28,1.6
1968,10,29,2
1968,10,30,2.8
1968,10,31,32.6
1968,11,1,12.4
1968,11,2,10.8
1968,11,3,6.9
1968,11,5,1.9
1968,11,7,1.4
1968,11,8,5.8
1968,11,9,3.9
1968,11,10,3.5
1968,11,18,1.6
1968,11,19,1.3
1968,11,20,5.3
1968,11,21,1.3
1968,11,23,1.3
1968,11,26,6.8
1968,11,27,1
1968,11,29,2.1
1968,11,30,5.2
1968,12,10,1.6
1968,12,15,8.5
1968,12,16,4.8
1968,12,17,20.9
1968,12,18,31.5
1968,12,19,1
1968,12,20,1.2
1968,12,21,4.2
1968,12,22,1
1968,12,28,6.8
1968,12,29,5.5
1968,12,30,1.5
1969,1,4,1
1969,1,6,4.9
1969,1,7,9.2
1969,1,11,4.3
1969,1,12,16.6
1969,1,13,1.8
1969,1,17,6.8
1969,1,18,2.2
1969,1,20,17.8
1969,1,21,6
1969,2,1,3.5
1969,2,5,7
1969,2,6,1.1
1969,2,10,12.8
1969,2,11,5.2
1969,2,12,2.4
1969,2,14,3.7
1969,2,18,1.5
1969,2,20,3.9
1969,2,21,4.8
1969,2,22,4.5
1969,2,24,2
1969,2,25,3.9
1969,2,27,4.9
1969,2,28,1.8
1969,3,2,1.1
1969,3,3,1.1
1969,3,10,1.6
1969,3,11,3
1969,3,12,14.3
1969,3,13,24.3
1969,3,14,2.6
1969,3,15,1.8
1969,3,16,1.4
1969,3,17,4.7
1969,3,18,8.1
1969,3,19,4.2
1969,3,20,1.1
1969,3,24,1.1
1969,3,30,5.4
1969,3,31,11.6
1969,4,11,2.8
1969,4,14,3.5
1969,4,21,17
1969,4,22,1
1969,4,23,1.9
1969,4,24,2.3
1969,4,26,8.8
1969,4,28,1.1
1969,4,29,1.6
1969,4,30,4.3
1969,5,2,22.8
1969,5,4,2.5
1969,5,5,1.9
1969,5,6,12.9
1969,5,7,2.6
1969,5,8,5.4
1969,5,10,1
1969,5,11,1
1969,5,12,1.5
1969,5,15,18.2
1969,5,16,3.8
1969,5,17,4.4
1969,5,24,4.3
1969,5,25,1
1969,5,26,3.8
1969,5,27,9.5
1969,5,29,1
1969,6,1,2.4
1969,6,2,16.6
1969,6,13,5.6
1969,6,14,4.1
1969,6,15,2.1
1969,6,16,8.1
1969,6,17,3.2
1969,6,18,2
1969,6,20,4.2
1969,6,22,1.7
1969,6,23,23.2
1969,6,30,1.6
1969,7,1,1.4
1969,7,2,1.6
1969,7,7,7.5
1969,7,8,5.7
1969,7,23,1.6
1969,7,26,1.4
1969,7,27,1.7
1969,7,28,19.4
1969,8,2,2.3
1969,8,3,2.9
1969,8,8,1.4
1969,8,9,3.2
1969,8,11,16.3
1969,8,16,5.7
1969,8,20,9.8
1969,8,21,6.4
1969,8,22,4.6
1969,8,24,1.2
1969,9,10,14.4
1969,9,11,9.9
1969,9,12,7.3
1969,9,13,4.9
1969,9,16,2.9
1969,9,17,11.2
1969,9,18,2.7
1969,9,26,1.4
1969,10,1,2.6
1969,10,19,2.3
1969,10,23,2.6
1969,10,24,1.4
1969,11,1,1
1969,11,3,10.3
1969,11,7,1.6
1969,11,11,25.2
1969,11,14,20.6
1969,11,15,4.3
1969,11,16,6.3
1969,11,20,1.2
1969,11,21,18
1969,11,22,1.1
1969,11,23,1.9
1969,11,24,14.3
1969,11,25,1.3
1969,11,27,22.6
1969,12,2,5
1969,12,3,3.2
1969,12,6,3.7
1969,12,13,2.5
1969,12,15,2
1969,12,17,2
1969,12,19,4.6
1969,12,20,10
1969,12,21,1.3
1969,12,24,1.9
1969,12,30,1.2
1970,1,5,10.3
1970,1,8,4.8
1970,1,9,1.6
1970,1,10,5.7
1970,1,11,4.2
1970,1,12,2.5
1970,1,14,6.3
1970,1,15,16.3
1970,1,16,3.6
1970,1,17,9.5
1970,1,18,1.5
1970,1,19,2.9
1970,1,21,6.2
1970,1,23,5.4
1970,1,24,3.3
1970,1,29,1
1970,2,1,5.1
1970,2,4,1
1970,2,5,1.2
1970,2,9,1.8
1970,2,12,2.8
1970,2,13,1
1970,2,16,7.5
1970,2,17,4.5
1970,2,18,1.5
1970,2,19,5
1970,2,20,3.8
1970,2,21,4.3
1970,2,22,2.9
1970,2,26,1.1
1970,3,4,5.9
1970,3,7,2.9
1970,3,8,1.1
1970,3,9,2.5
1970,3,10,4.3
1970,3,11,1.1
1970,3,12,3.7
1970,3,13,1.6
1970,3,19,1.2
1970,3,21,7.3
1970,3,26,1.2
1970,3,29,2.4
1970,3,30,1.9
1970,3,31,1.7
1970,4,2,2.6
1970,4,4,1.3
1970,4,5,12.2
1970,4,6,1.5
1970,4,7,2.4
1970,4,8,6.7
1970,4,9,3.9
1970,4,14,1.8
1970,4,15,2.7
1970,4,20,3.8
1970,4,21,3.2
1970,4,25,1.5
1970,5,7,3.1
1970,5,8,2.1
1970,5,9,1.2
1970,5,10,2
1970,5,11,9.1
1970,5,16,2.9
1970,6,17,1.4
1970,6,22,2.2
1970,6,23,10.2
1970,6,24,3
1970,6,27,13.2
1970,6,28,3.3
1970,6,29,2
1970,6,30,3.3
1970,7,2,1.4
1970,7,8,7.3
1970,7,14,6
1970,7,18,10.3
1970,7,19,4.6
1970,7,20,2.1
1970,7,22,5.3
1970,7,23,6.1
1970,7,24,18.2
1970,7,25,3.1
1970,7,26,1.5
1970,7,27,11.6
1970,8,9,4.3
1970,8,12,1.3
1970,8,13,1.1
1970,8,15,14.9
1970,8,16,4.5
1970,8,19,1
1970,8,20,19.4
1970,8,21,1.1
1970,8,22,3
1970,9,2,2.5
1970,9,8,3.8
1970,9,9,2.5
1970,9,10,1.4
1970,9,11,2.2
1970,9,13,2.3
1970,9,16,1.2
1970,9,18,4.4
1970,9,28,1
1970,10,4,1.1
1970,10,7,1.6
1970,10,18,2.1
1970,10,24,2.7
1970,10,25,5.1
1970,10,27,4.1
1970,10,28,9.4
1970,10,30,1.3
1970,10,31,11.8
1970,11,2,3.7
1970,11,4,3.4
1970,11,15,2
1970,11,17,15.6
1970,11,18,6.1
1970,11,20,3.4
1970,11,22,3.3
1970,11,23,4.1
1970,11,26,4.2
1970,11,27,1.7
1970,11,28,2.8
1970,11,29,13.1
1970,11,30,4.7
1970,12,2,2.8
1970,12,5,1.8
1970,12,17,2.1
1970,12,19,2.3
1970,12,22,2.8
1970,12,23,8
1970,12,24,2.5
1970,12,25,4.5
1970,12,26,4.6
1970,12,27,7.2
1970,12,28,5.7
1970,12,29,3.3
1970,12,30,4.4
1970,12,31,1.2
1971,1,6,3.7
1971,1,14,10
1971,1,20,7.7
1971,1,21,3.9
1971,1,22,2.8
1971,1,24,1
1971,1,26,2.6
1971,1,27,9.3
1971,1,28,9.3
1971,1,30,2.2
1971,2,2,1.9
1971,2,12,5.3
1971,2,17,3.7
1971,2,19,2.4
1971,2,27,1.4
1971,3,1,7
1971,3,4,1.6
1971,3,5,3.1
1971,3,6,1.1
1971,3,7,1.8
1971,3,10,1.5
1971,3,14,3.5
1971,3,16,4.4
1971,3,17,8.4
1971,3,18,18.9
1971,3,19,17
1971,3,20,2.4
1971,3,23,2.5
1971,3,25,1
1971,3,27,1
1971,4,4,1.9
1971,4,7,1.3
1971,4,16,3
1971,4,22,4.9
1971,4,23,35.3
1971,4,24,1.3
1971,5,6,9.3
1971,5,7,1
1971,5,22,7
1971,5,23,10.3
1971,5,26,4.6
1971,5,28,1.1
1971,5,31,1.6
1971,6,10,4.1
1971,6,11,10.7
1971,6,15,1.2
1971,6,16,7.4
1971,6,18,6.7
1971,6,19,16
1971,6,20,5
1971,6,21,1.5
1971,6,25,3.6
1971,6,28,3.1
1971,6,29,1.8
1971,7,21,4.7
1971,7,22,6.3
1971,7,23,8.5
1971,7,24,4.9
1971,7,25,7.1
1971,7,26,4.3
1971,7,30,5.6
1971,7,31,1.5
1971,8,1,1.6
1971,8,3,13.2
1971,8,4,3.9
1971,8,5,3.3
1971,8,6,4.6
1971,8,7,1.5
1971,8,12,13.6
1971,8,13,46.8
1971,8,14,8.7
1971,8,21,6.9
1971,8,22,5.5
1971,8,27,1
1971,8,28,11.4
1971,8,29,7
1971,9,3,1.6
1971,9,14,1.1
1971,9,26,1
1971,9,27,1.9
1971,9,28,2.4
1971,10,15,4.1
1971,10,17,3.5
1971,10,18,3.4
1971,10,19,2.4
1971,10,20,2.2
1971,10,21,2.2
1971,11,2,1.7
1971,11,4,2.7
1971,11,5,4.6
1971,11,7,3
1971,11,8,1.1
1971,11,17,9.9
1971,11,18,3.4
1971,11,19,1.2
1971,11,20,14.3
1971,11,21,10.3
1971,11,22,4.5
1971,11,25,2.4
1971,11,27,2.6
1971,12,3,2.9
1971,12,7,2.1
1971,12,8,1.2
1971,12,26,5.6
1971,12,27,2.6
1971,12,28,3
1972,1,1,2.9
1972,1,2,3.3
1972,1,3,4.4
1972,1,4,5.6
1972,1,5,1.3
1972,1,6,1.1
1972,1,7,1.9
1972,1,8,3.7
1972,1,10,4.8
1972,1,11,5.7
1972,1,12,9
1972,1,13,1.9
1972,1,16,3.6
1972,1,17,9.8
1972,1,18,4.3
1972,1,23,1.6
1972,1,25,1.1
1972,1,26,23.2
1972,1,27,1.3
1972,1,28,3.7
1972,1,29,4.2
1972,1,30,11.7
1972,2,1,5.3
1972,2,2,2.5
1972,2,3,13.7
1972,2,5,1.2
1972,2,6,2.9
1972,2,8,1.8
1972,2,9,1.1
1972,2,15,14.2
1972,2,16,3.8
1972,2,17,2
1972,2,20,1
1972,2,21,1.8
1972,2,25,1.8
1972,2,29,2.9
1972,3,1,3.3
1972,3,2,1.4
1972,3,3,6
1972,3,4,3.1
1972,3,6,4.8
1972,3,10,1.5
1972,3,16,14.9
1972,3,26,3.1
1972,3,27,1.5
1972,3,29,4
1972,3,30,3.7
1972,3,31,2.7
1972,4,1,6.4
1972,4,2,1.6
1972,4,4,1
1972,4,5,4.9
1972,4,6,3.3
1972,4,7,3.3
1972,4,8,2.5
1972,4,17,2
1972,4,21,1.2
1972,4,28,1.9
1972,4,30,2.5
1972,5,2,10
1972,5,3,3.5
1972,5,5,4.8
1972,5,7,2
1972,5,8,2.4
1972,5,11,11.4
1972,5,12,2.9
1972,5,18,1.4
1972,5,25,1.5
1972,5,30,3.4
1972,5,31,7
1972,6,1,1.2
1972,6,2,3.4
1972,6,3,6.5
1972,6,4,8.3
1972,6,7,1.4
1972,6,8,1
1972,6,10,3.9
1972,6,14,5.1
1972,6,19,4.9
1972,6,25,4.9
1972,6,27,1.6
1972,6,29,3.7
1972,7,3,6
1972,7,4,1.8
1972,7,21,7.2
1972,7,22,12.2
1972,7,24,1.6
1972,7,30,3.4
1972,7,31,3.1
1972,8,1,1.3
1972,8,3,2.2
1972,8,6,10.2
1972,8,7,6.1
1972,8,16,2.3
1972,9,7,1
1972,9,8,13
1972,9,12,8.2
1972,9,13,1.2
1972,9,18,1.5
1972,10,8,4.1
1972,10,9,9.9
1972,10,10,1.2
1972,10,19,1.7
1972,11,2,1.7
1972,11,3,3.1
1972,11,6,1
1972,11,9,1.1
1972,11,12,13.1
1972,11,15,2.5
1972,11,17,3
1972,11,18,5.1
1972,11,19,3.5
1972,11,20,2.1
1972,11,23,6.6
1972,11,29,1.6
1972,11,30,3.7
1972,12,1,2.7
1972,12,5,2
1972,12,6,3.3
1972,12,9,2.5
1972,12,10,2.3
1972,12,11,2.5
1972,12,12,1.1
1973,1,1,1.8
1973,1,2,1.9
1973,1,13,1.1
1973,1,14,1.7
1973,1,15,1.8
1973,1,20,17.3
1973,1,21,4
1973,1,22,2.4
1973,1,23,1.4
1973,2,11,2.4
1973,2,12,2.6
1973,2,15,4.7
1973,3,2,2.1
1973,3,5,1
1973,3,27,1.6
1973,3,31,1.2
1973,4,1,15.5
1973,4,2,1.7
1973,4,5,5.1
1973,4,6,1.5
1973,4,7,3.8
1973,4,8,3
1973,4,19,1.7
1973,4,20,5.4
1973,4,21,4.7
1973,4,22,3.5
1973,4,23,4.2
1973,4,24,1.5
1973,4,30,4.4
1973,5,3,5
1973,5,4,12.8
1973,5,7,1.8
1973,5,9,2.3
1973,5,10,2.5
1973,5,19,9.8
1973,5,20,30.3
1973,5,21,6.8
1973,5,24,1
1973,5,29,16.8
1973,5,30,1.2
1973,5,31,1.4
1973,6,2,5.4
1973,6,16,2.4
1973,6,19,7.1
1973,6,20,7.1
1973,6,23,1
1973,6,24,2.3
1973,6,25,2.3
1973,6,26,3
1973,7,6,15.4
1973,7,10,4.1
1973,7,12,1.5
1973,7,13,7.4
1973,7,14,6
1973,7,16,23.9
1973,7,18,1.9
1973,7,20,2.6
1973,7,21,6.1
1973,7,22,2.5
1973,8,2,1.6
1973,8,3,2.4
1973,8,4,2.8
1973,8,5,20.2
1973,8,6,1.7
1973,8,7,3
1973,8,8,1.4
1973,8,9,3.1
1973,8,10,12.7
1973,8,19,15.2
1973,8,29,5.2
1973,8,30,2.5
1973,9,9,1.6
1973,9,13,1.2
1973,9,15,1.7
1973,9,17,1.4
1973,9,18,11.8
1973,9,22,5.5
1973,9,25,1
1973,9,27,2.8
1973,9,29,7.2
1973,10,8,1.6
1973,10,9,2.6
1973,10,10,4
1973,10,14,3
1973,10,15,1.5
1973,10,16,1.8
1973,10,18,7.6
1973,10,19,1.4
1973,10,20,7.1
1973,10,21,4.4
1973,11,4,2.1
1973,11,8,1.9
1973,11,9,8.7
1973,11,12,1.2
1973,11,28,2
1973,12,2,2.6
1973,12,7,22.6
1973,12,15,1.2
1973,12,19,3.9
1973,12,20,2.1
1973,12,21,2.1
1973,12,22,5.7
1973,12,25,2.1
1974,1,4,1.3
1974,1,6,3.4
1974,1,7,4.4
1974,1,8,13.2
1974,1,10,5.1
1974,1,11,1.7
1974,1,12,3.4
1974,1,14,3
1974,1,15,4
1974,1,16,4.5
1974,1,26,1
1974,1,27,9
1974,1,28,2
1974,1,29,2.4
1974,1,30,2.3
1974,2,2,1.5
1974,2,4,3.2
1974,2,5,6.1
1974,2,6,6.8
1974,2,8,4
1974,2,9,1.2
1974,2,10,1.6
1974,2,11,2.5
1974,2,12,1.7
1974,2,14,7.3
1974,2,16,2.7
1974,2,20,4.1
1974,2,21,2.2
1974,2,25,2.3
1974,2,28,3.5
1974,3,3,10.7
1974,3,4,4.8
1974,3,5,1.2
1974,3,6,5.9
1974,3,9,1.2
1974,3,11,4.8
1974,3,12,2.1
1974,3,13,1.2
1974,3,14,5.4
1974,3,15,3.3
1974,3,20,6.8
1974,3,25,1.3
1974,4,11,9.8
1974,4,27,6.3
1974,4,28,12.3
1974,5,5,2.1
1974,5,9,5.7
1974,5,13,1
1974,5,18,1
1974,5,23,3.2
1974,6,5,5.3
1974,6,7,4.3
1974,6,8,4.1
1974,6,9,7.3
1974,6,15,1
1974,6,16,9.6
1974,6,17,6.6
1974,6,30,7
1974,7,2,22.4
1974,7,3,1.9
1974,7,4,11.4
1974,7,5,7.4
1974,7,10,1
1974,7,13,6.7
1974,7,14,5.6
1974,7,15,4.8
1974,7,16,5.9
1974,7,17,1.2
1974,7,18,1.4
1974,7,24,1.4
1974,7,27,1.1
1974,7,28,6.9
1974,8,8,5.4
1974,8,9,13
1974,8,10,15.2
1974,8,11,6.5
1974,8,14,4
1974,8,22,1.3
1974,8,26,4.4
1974,8,30,1.8
1974,9,1,2.8
1974,9,2,11.9
1974,9,4,4.1
1974,9,5,1.4
1974,9,6,9
1974,9,7,4.1
1974,9,22,3.8
1974,9,23,14.1
1974,9,24,4.2
1974,9,25,2.6
1974,10,1,6.7
1974,10,2,2.7
1974,10,3,6.9
1974,10,6,5.2
1974,10,9,1.9
1974,10,10,5.1
1974,10,15,10.1
1974,10,16,3.4
1974,10,17,2.7
1974,10,18,4.2
1974,10,21,5
1974,10,22,2.1
1974,10,28,2.9
1974,10,29,6.1
1974,10,30,1.7
1974,11,3,5
1974,11,4,1.1
1974,11,5,1.2
1974,11,7,3.2
1974,11,8,2.7
1974,11,10,3.4
1974,11,13,5.1
1974,11,20,1.4
1974,11,21,19.9
1974,11,22,9.3
1974,11,23,2.1
1974,11,24,2.9
1974,11,26,1.3
1974,11,27,1.9
1974,11,29,3
1974,12,9,1.3
1974,12,10,3.9
1974,12,11,3.1
1974,12,12,1.4
1974,12,14,1
1974,12,15,1.2
1974,12,16,2
1974,12,17,1.1
1974,12,21,1.6
1974,12,25,4.1
1974,12,26,2.8
1974,12,28,10.7
1974,12,31,1
1975,1,9,1.4
1975,1,12,4
1975,1,14,2.6
1975,1,15,2.1
1975,1,16,1.7
1975,1,22,2.6
1975,1,24,1.5
1975,1,25,1.6
1975,1,26,4.7
1975,1,27,5.6
1975,1,29,6.9
1975,1,30,3.6
1975,2,10,2.9
1975,2,11,2.6
1975,2,12,3.6
1975,2,13,7.7
1975,2,14,1.4
1975,2,16,1
1975,2,20,1.4
1975,2,24,3.2
1975,3,1,2.2
1975,3,3,1
1975,3,6,3.1
1975,3,9,5
1975,3,10,6.8
1975,3,16,1.4
1975,3,21,7.8
1975,3,22,2.4
1975,3,25,1.8
1975,3,27,1.4
1975,3,28,7.1
1975,4,1,3.8
1975,4,2,1.5
1975,4,4,1
1975,4,5,4.1
1975,4,6,1.3
1975,4,10,1.3
1975,4,12,1.3
1975,4,14,7.9
1975,4,16,10.2
1975,4,17,2.5
1975,4,18,8.4
1975,4,19,4.3
1975,4,21,2
1975,4,30,2.5
1975,5,7,13.5
1975,5,8,16.5
1975,5,9,4.6
1975,5,10,5.9
1975,5,12,2.6
1975,5,13,20.7
1975,5,14,1.5
1975,6,1,1.9
1975,6,2,9.4
1975,6,3,4.2
1975,6,4,7.4
1975,6,16,5.6
1975,6,17,2.3
1975,7,4,2.3
1975,7,8,6
1975,7,9,5.1
1975,7,10,8.9
1975,7,11,1.4
1975,7,14,10.6
1975,7,15,1.5
1975,7,17,4.5
1975,7,20,2.7
1975,7,21,1.3
1975,7,22,7.7
1975,7,23,1.1
1975,7,24,1.4
1975,7,28,1.3
1975,8,13,12
1975,8,14,17
1975,8,15,10.2
1975,8,19,8.9
1975,8,22,1.1
1975,8,29,17.8
1975,8,30,31
1975,9,5,1.6
1975,9,6,6
1975,9,8,1.4
1975,9,10,2.9
1975,9,11,9.5
1975,9,12,3.6
1975,9,17,2.5
1975,9,24,3.5
1975,9,25,1.6
1975,9,26,2
1975,9,27,27.9
1975,9,29,1.6
1975,9,30,5.1
1975,10,2,4.3
1975,10,8,2.2
1975,10,9,1.4
1975,10,16,2.1
1975,10,23,1.8
1975,11,1,10.2
1975,11,2,3.9
1975,11,5,1.4
1975,11,9,3
1975,11,10,2.5
1975,11,14,1.7
1975,11,15,7.2
1975,11,16,1.8
1975,11,17,2.9
1975,11,18,1.2
1975,11,19,1.9
1975,11,25,1.5
1975,11,26,1.8
1975,11,27,1.2
1975,12,1,4.8
1975,12,2,4.6
1975,12,12,2.7
1975,12,16,1.9
1975,12,17,1.8
1975,12,23,2.6
1975,12,24,1
1976,1,1,8.7
1976,1,2,5.1
1976,1,4,3.6
1976,1,5,3.6
1976,1,19,5.2
1976,1,20,2.7
1976,1,21,1.1
1976,1,23,1.6
1976,1,24,5.2
1976,1,25,2.4
1976,1,26,1
1976,2,6,5.4
1976,2,10,1.8
1976,2,14,3.3
1976,2,23,5.7
1976,2,29,2.5
1976,3,11,1.4
1976,3,12,6.3
1976,3,13,1.3
1976,3,14,3.1
1976,3,15,4
1976,3,16,2.8
1976,3,17,3.7
1976,3,18,1
1976,3,20,2.7
1976,3,21,4.5
1976,3,24,1
1976,3,28,3.3
1976,4,1,11.5
1976,4,2,7.4
1976,4,11,3.8
1976,4,13,4.4
1976,4,14,1.5
1976,5,1,1.5
1976,5,2,2.2
1976,5,3,2.4
1976,5,6,4.2
1976,5,7,2.7
1976,5,9,1
1976,5,11,4
1976,5,12,2.4
1976,5,15,2.1
1976,5,18,4
1976,5,19,2.2
1976,5,20,5.5
1976,5,25,12.6
1976,5,28,9.2
1976,5,29,3.5
1976,5,30,4.7
1976,5,31,5.5
1976,6,11,1.1
1976,6,15,1.9
1976,6,17,1.3
1976,6,18,1.7
1976,7,12,11.5
1976,7,14,3.3
1976,7,15,5.4
1976,7,20,3.2
1976,7,30,1.5
1976,8,2,2.8
1976,8,28,6.2
1976,9,8,5.9
1976,9,9,6.3
1976,9,10,25.7
1976,9,11,79
1976,9,13,12.3
1976,9,14,1.9
1976,9,15,2.4
1976,9,16,2
1976,9,17,2.4
1976,9,25,28.3
1976,9,26,5
1976,9,27,5.7
1976,9,28,2.3
1976,9,29,9.7
1976,9,30,33.6
1976,10,1,18.7
1976,10,2,5.2
1976,10,4,6.3
1976,10,5,3.4
1976,10,7,2.9
1976,10,8,3.5
1976,10,10,3.4
1976,10,11,5.5
1976,10,12,3.3
1976,10,13,8.8
1976,10,14,26.1
1976,10,15,6.6
1976,10,17,1
1976,10,19,4.4
1976,10,20,4.6
1976,10,22,3
1976,10,25,9.7
1976,10,27,5.7
1976,10,28,1.3
1976,10,29,2.8
1976,10,30,1.3
1976,10,31,2.5
1976,11,1,3.8
1976,11,2,1.9
1976,11,3,2.3
1976,11,4,1.4
1976,11,12,1.6
1976,11,15,4.6
1976,11,17,2.4
1976,11,29,7.7
1976,12,2,9.1
1976,12,4,1.1
1976,12,5,4.2
1976,12,6,1.9
1976,12,11,1.6
1976,12,16,9.9
1976,12,17,10.2
1976,12,19,10.2
1976,12,20,4.6
1976,12,21,1
1976,12,24,1.4
1976,12,27,1.7
1976,12,31,2.5
1977,1,1,9.1
1977,1,4,3
1977,1,5,1.3
1977,1,9,6.3
1977,1,10,10.4
1977,1,12,1.1
1977,1,13,18.4
1977,1,14,22.5
1977,1,15,2.3
1977,1,18,1.7
1977,1,20,1
1977,1,22,1.6
1977,1,24,2.7
1977,1,25,7.9
1977,1,26,2.6
1977,1,28,1.3
1977,1,30,1.2
1977,1,31,1.3
1977,2,1,1
1977,2,4,2.1
1977,2,5,3.9
1977,2,6,4.2
1977,2,9,9.2
1977,2,10,9
1977,2,11,2.9
1977,2,16,2.6
1977,2,17,3.7
1977,2,20,9.7
1977,2,21,1.4
1977,2,22,8.1
1977,2,23,1.4
1977,2,24,1.4
1977,3,1,1.5
1977,3,13,1.7
1977,3,15,4.1
1977,3,19,1.3
1977,3,20,5.4
1977,3,21,2.1
1977,3,22,2.3
1977,3,23,5.8
1977,3,26,7.4
1977,3,27,4.9
1977,3,28,1.4
1977,3,30,4.4
1977,3,31,2.2
1977,4,1,2.7
1977,4,3,5
1977,4,5,2.6
1977,4,6,5.2
1977,4,7,1.2
1977,4,10,1.2
1977,4,16,6
1977,4,19,1.3
1977,4,24,2.1
1977,4,29,2.1
1977,5,1,11.3
1977,5,2,16.9
1977,5,3,5.5
1977,5,7,1.4
1977,5,12,3.5
1977,5,13,4.1
1977,6,4,4.2
1977,6,6,21.7
1977,6,10,14.2
1977,6,11,2.6
1977,6,12,7.5
1977,6,13,14.3
1977,6,25,1.2
1977,6,26,1
1977,6,28,2.1
1977,6,30,1.4
1977,7,15,1.2
1977,7,17,2.5
1977,7,18,2.1
1977,7,23,1
1977,7,24,1.2
1977,7,26,5.4
1977,8,13,3
1977,8,15,1.3
1977,8,17,2.2
1977,8,18,4.4
1977,8,19,13
1977,8,20,2
1977,8,23,2.9
1977,8,24,6.6
1977,8,25,5.5
1977,8,26,7.1
1977,8,29,1.3
1977,8,30,1.7
1977,9,5,1.1
1977,9,9,3.6
1977,9,11,1
1977,9,15,1.5
1977,9,25,5.5
1977,9,30,2.3
1977,10,3,13.9
1977,10,5,2.1
1977,10,6,14.7
1977,10,7,2.7
1977,10,8,2.5
1977,10,11,1.6
1977,10,19,1
1977,10,20,4.5
1977,10,23,3.4
1977,10,30,4
1977,11,1,4
1977,11,2,1.2
1977,11,7,3.8
1977,11,8,2.3
1977,11,9,13.2
1977,11,10,4
1977,11,11,9
1977,11,14,3.1
1977,11,16,13.1
1977,11,17,6.5
1977,11,18,2.2
1977,11,20,1.1
1977,11,21,10.8
1977,11,23,2.5
1977,11,25,1.2
1977,11,26,1.5
1977,11,27,3.7
1977,11,30,1
1977,12,6,3.3
1977,12,7,17.6
1977,12,8,2.6
1977,12,9,3.7
1977,12,10,9.3
1977,12,22,6.1
1977,12,23,8
1977,12,26,1.1
1978,1,2,10.4
1978,1,9,2.9
1978,1,10,7.9
1978,1,11,3.8
1978,1,12,1.6
1978,1,16,3.1
1978,1,18,1.6
1978,1,21,1.6
1978,1,23,7.1
1978,1,26,3.4
1978,1,27,10.9
1978,1,28,20
1978,1,29,4.3
1978,1,31,2
1978,2,1,16.5
1978,2,2,3
1978,2,3,1.7
1978,2,4,10.3
1978,2,5,1.5
1978,2,6,2.5
1978,2,7,1.3
1978,2,8,2.1
1978,2,9,1.5
1978,2,10,5.9
1978,2,11,6.9
1978,2,12,11.7
1978,2,13,2.5
1978,2,14,1.7
1978,2,17,2.3
1978,2,22,5.8
1978,2,23,1.6
1978,2,25,2.4
1978,2,27,2.3
1978,3,2,2.2
1978,3,7,1.4
1978,3,9,3.1
1978,3,13,1.6
1978,3,16,3.4
1978,3,19,2.4
1978,3,22,1.6
1978,3,24,2.9
1978,3,26,1.7
1978,3,31,6.6
1978,4,1,2.2
1978,4,20,1.1
1978,4,26,12.9
1978,4,27,10.9
1978,5,1,5.3
1978,5,3,3.1
1978,5,4,10.2
1978,5,5,22.7
1978,5,12,1.4
1978,5,13,6.5
1978,5,23,2.7
1978,6,4,3.6
1978,6,5,2.1
1978,6,6,2.2
1978,6,7,3.7
1978,6,21,5.7
1978,6,22,9.8
1978,6,23,2.6
1978,6,24,1.1
1978,6,25,6.4
1978,6,27,3.7
1978,6,29,2.4
1978,6,30,1.2
1978,7,1,9
1978,7,3,3.6
1978,7,4,11
1978,7,5,1.4
1978,7,18,1.4
1978,7,20,4.6
1978,7,25,2.1
1978,7,26,1.7
1978,7,29,1.4
1978,7,30,15.8
1978,7,31,5
1978,8,1,3
1978,8,2,3
1978,8,5,18
1978,8,6,6.5
1978,8,7,8.9
1978,8,8,10.7
1978,8,12,10.6
1978,8,13,1.3
1978,8,14,2.6
1978,8,15,2.5
1978,8,21,3.1
1978,8,28,1.2
1978,8,29,8.3
1978,8,30,6.7
1978,8,31,2.6
1978,9,2,1.6
1978,9,3,3.4
1978,9,5,11.7
1978,9,6,2.5
1978,9,8,4.2
1978,9,10,5.6
1978,9,11,4
1978,9,13,8.8
1978,9,27,4.8
1978,9,28,6.8
1978,9,29,3.5
1978,9,30,2
1978,10,1,1.2
1978,10,2,3
1978,10,9,1.8
1978,10,10,1.9
1978,10,15,6.8
1978,10,17,1.1
1978,10,25,7.3
1978,10,31,4.9
1978,11,1,1.2
1978,11,12,4.7
1978,11,14,1.5
1978,11,15,4.4
1978,11,18,3.1
1978,11,19,1.1
1978,11,22,2.7
1978,11,23,7.1
1978,12,3,8.8
1978,12,7,10.3
1978,12,8,19.1
1978,12,10,1.1
1978,12,11,1.1
1978,12,12,4.7
1978,12,15,4.9
1978,12,16,2.2
1978,12,17,1.1
1978,12,20,7.4
1978,12,23,4.1
1978,12,24,34.9
1978,12,25,5.1
1978,12,26,6.7
1978,12,27,39
1978,12,28,22.7
1978,12,29,7.4
1978,12,30,5.4
1978,12,31,5.1
1979,1,9,8.2
1979,1,10,2.9
1979,1,11,1.2
1979,1,14,3.8
1979,1,17,2.6
1979,1,18,1.4
1979,1,19,16.8
1979,1,20,10.4
1979,1,28,6.9
1979,1,31,3.8
1979,2,2,1
1979,2,12,12.2
1979,2,13,8.6
1979,2,14,6.7
1979,2,16,3.1
1979,2,17,1.3
1979,2,21,1.8
1979,2,27,2.1
1979,3,8,2.7
1979,3,9,1.1
1979,3,10,4.9
1979,3,14,2.2
1979,3,15,3.3
1979,3,16,14.4
1979,3,17,13.8
1979,3,18,4.3
1979,3,20,1.5
1979,3,21,2.9
1979,3,24,7.8
1979,3,25,5.7
1979,3,26,7.8
1979,3,27,5.4
1979,3,28,39.7
1979,3,29,3.4
1979,3,30,4.2
1979,3,31,3.3
1979,4,3,5.9
1979,4,6,1.8
1979,4,7,1.1
1979,4,9,6.1
1979,4,10,1.6
1979,4,19,1.4
1979,4,22,6.5
1979,4,24,1.2
1979,4,25,1.3
1979,4,27,1
1979,4,28,1.1
1979,4,29,1.2
1979,5,1,1
1979,5,2,1
1979,5,6,6.9
1979,5,7,4.5
1979,5,8,11
1979,5,10,2.6
1979,5,16,1.5
1979,5,17,2.1
1979,5,18,5.3
1979,5,20,20
1979,5,22,4.3
1979,5,23,3.7
1979,5,24,1.4
1979,5,25,2.9
1979,5,26,15.3
1979,5,27,1
1979,5,28,1.6
1979,5,30,8.5
1979,6,4,1.5
1979,6,5,1.4
1979,6,8,4.9
1979,6,13,7
1979,6,14,2.2
1979,6,21,4.9
1979,6,23,9.8
1979,6,24,4.1
1979,7,8,1.4
1979,7,15,3.9
1979,7,16,1.3
1979,7,21,5
1979,7,24,1.9
1979,7,25,2.5
1979,7,29,7.9
1979,7,30,17.4
1979,8,1,6.4
1979,8,2,5.8
1979,8,3,2.2
1979,8,7,14
1979,8,13,9.9
1979,8,14,4.3
1979,8,16,3.8
1979,8,17,7.8
1979,8,20,1.3
1979,8,22,1.7
1979,8,23,1.4
1979,9,1,3.4
1979,9,2,9.2
1979,9,8,6.8
1979,9,17,1.7
1979,9,21,1.2
1979,9,22,2.2
1979,9,24,2.6
1979,9,26,13.9
1979,10,1,3
1979,10,3,11.7
1979,10,4,2.5
1979,10,10,3.1
1979,10,13,11.6
1979,10,15,1.3
1979,10,17,4.3
1979,10,25,13
1979,10,30,5
1979,10,31,5.9
1979,11,2,8.7
1979,11,7,3.2
1979,11,8,2.8
1979,11,10,1.1
1979,11,11,18.8
1979,11,14,11.8
1979,11,15,12
1979,11,22,4.9
1979,11,23,2.4
1979,11,24,1.3
1979,11,25,2.9
1979,12,2,2.5
1979,12,3,1.8
1979,12,4,2.3
1979,12,6,2.4
1979,12,7,5.4
1979,12,8,2.1
1979,12,9,1.8
1979,12,10,2.3
1979,12,11,6.2
1979,12,12,3.7
1979,12,13,9.4
1979,12,14,9.1
1979,12,16,1.4
1979,12,17,1.6
1979,12,18,1.2
1979,12,19,1.6
1979,12,20,1.1
1979,12,23,1.5
1979,12,26,12.7
1979,12,27,1.3
1980,1,2,2.1
1980,1,3,11.4
1980,1,6,2.1
1980,1,7,1.3
1980,1,11,1.3
1980,1,13,2.8
1980,1,14,7.3
1980,1,20,3.6
1980,1,21,9.8
1980,1,22,5.8
1980,1,27,4.5
1980,1,29,5.6
1980,1,30,1.3
1980,1,31,5.2
1980,2,1,4.5
1980,2,2,1.9
1980,2,3,2.9
1980,2,4,17.6
1980,2,5,6.4
1980,2,7,9.6
1980,2,8,2.4
1980,2,11,2.5
1980,2,12,3
1980,2,14,1.1
1980,2,20,1
1980,2,21,4.5
1980,2,22,3.1
1980,3,6,4.6
1980,3,7,14.3
1980,3,9,3.8
1980,3,10,2.3
1980,3,11,2.2
1980,3,12,1.9
1980,3,16,7.6
1980,3,17,16.7
1980,3,21,1.1
1980,3,23,1.7
1980,3,24,7.6
1980,3,26,4.6
1980,3,27,1.1
1980,3,28,20.9
1980,3,31,1.3
1980,4,2,1.2
1980,4,21,1.3
1980,4,23,5
1980,4,29,4.5
1980,4,30,1.4
1980,5,7,1
1980,5,19,5.3
1980,5,27,5.9
1980,5,28,5.8
1980,5,29,2.8
1980,6,2,2.6
1980,6,5,14.1
1980,6,7,2.1
1980,6,11,41.3
1980,6,12,3.3
1980,6,13,2.4
1980,6,14,13.4
1980,6,15,1.7
1980,6,16,4.8
1980,6,17,5.2
1980,6,22,8.8
1980,6,23,2.6
1980,6,25,4.9
1980,6,26,6.7
1980,6,27,2.7
1980,6,28,2
1980,6,30,17.6
1980,7,1,3
1980,7,12,3.4
1980,7,14,1.5
1980,7,17,8
1980,7,18,8.3
1980,7,19,13
1980,7,26,9
1980,7,30,6.7
1980,8,1,17
1980,8,2,2.7
1980,8,3,1
1980,8,4,1.1
1980,8,7,12.1
1980,8,11,8.4
1980,8,14,20.5
1980,8,15,3.8
1980,8,16,2.3
1980,8,19,2.8
1980,8,20,5.1
1980,8,29,16
1980,8,30,5.7
1980,9,4,2.8
1980,9,5,2.1
1980,9,10,2.1
1980,9,11,4
1980,9,13,10.5
1980,9,14,2.7
1980,9,16,1.1
1980,9,18,5.5
1980,9,19,1.3
1980,9,26,10.3
1980,10,3,1.3
1980,10,6,4.8
1980,10,15,5.6
1980,10,16,8.1
1980,10,17,4.3
1980,10,18,1.7
1980,10,20,5
1980,10,21,9
1980,10,22,6
1980,10,23,7.1
1980,10,24,6.5
1980,10,26,7.5
1980,10,28,4.4
1980,11,4,4.3
1980,11,5,1.6
1980,11,6,4.7
1980,11,7,1.8
1980,11,8,2.7
1980,11,9,1.5
1980,11,13,1.6
1980,11,14,1.6
1980,11,15,1.6
1980,11,17,3.2
1980,11,18,3.8
1980,11,19,1.5
1980,11,20,5.6
1980,11,23,11.5
1980,11,24,1.8
1980,11,25,4.6
1980,11,27,2.3
1980,11,28,8.7
1980,11,29,1.2
1980,12,1,2.7
1980,12,2,4.2
1980,12,5,1.4
1980,12,6,5.3
1980,12,10,5.5
1980,12,12,2.9
1980,12,13,1.1
1980,12,14,2.1
1980,12,19,1.8
1980,12,22,1.4
1980,12,24,7.9
1980,12,31,1.9
1981,1,2,1.4
1981,1,8,1.7
1981,1,9,1.9
1981,1,10,3.4
1981,1,11,1.6
1981,1,16,4.9
1981,1,17,1.5
1981,1,18,3.3
1981,1,20,1.2
1981,1,21,1.3
1981,1,25,1.1
1981,1,26,1.6
1981,2,2,8.9
1981,2,8,1.3
1981,2,9,3.2
1981,2,16,1.6
1981,2,27,12.1
1981,2,28,10.6
1981,3,1,22.3
1981,3,2,29.9
1981,3,5,5
1981,3,6,2.1
1981,3,9,7.2
1981,3,10,5.3
1981,3,11,2.4
1981,3,12,2.1
1981,3,15,1.1
1981,3,16,1.8
1981,3,19,5.9
1981,3,20,1.6
1981,3,21,11.2
1981,3,22,1.3
1981,3,23,1.8
1981,3,24,4.8
1981,3,25,2.2
1981,3,31,2.7
1981,4,1,5.3
1981,4,5,1
1981,4,6,2.3
1981,4,11,5.9
1981,4,23,3.5
1981,4,24,26.4
1981,4,25,1
1981,4,27,1.3
1981,5,3,3.8
1981,5,5,4.9
1981,5,7,3.6
1981,5,9,4.4
1981,5,15,4.2
1981,5,16,3.9
1981,5,18,1.9
1981,5,20,7.4
1981,5,21,3.8
1981,5,24,1
1981,5,31,4.4
1981,6,2,9.5
1981,6,7,3.3
1981,6,10,6.9
1981,6,11,3.6
1981,6,23,2.2
1981,6,25,1.6
1981,6,26,1.3
1981,7,3,3.3
1981,7,5,2.1
1981,7,8,2.7
1981,7,10,2.7
1981,7,11,2.3
1981,7,15,1.7
1981,7,16,5.5
1981,7,17,6.5
1981,7,21,12
1981,7,22,15.5
1981,7,23,2.3
1981,8,6,6.3
1981,8,8,8.3
1981,8,13,3
1981,8,19,1.2
1981,9,10,5.9
1981,9,11,6.2
1981,9,14,13.5
1981,9,16,2.2
1981,9,17,2.6
1981,9,19,19.9
1981,9,23,3.1
1981,9,25,22.5
1981,9,26,12.4
1981,9,29,5
1981,9,30,3.8
1981,10,1,29.9
1981,10,2,5.7
1981,10,3,11.7
1981,10,4,5.6
1981,10,5,2.1
1981,10,6,6.6
1981,10,7,8.2
1981,10,8,6.6
1981,10,9,2.5
1981,10,21,6.9
1981,10,22,1
1981,10,23,1.2
1981,10,24,4.3
1981,10,26,1
1981,10,28,1.6
1981,10,30,1.8
1981,11,9,8.6
1981,11,10,2
1981,11,18,1.3
1981,11,19,2.3
1981,11,20,1.1
1981,11,22,2
1981,11,23,11.1
1981,11,25,1.3
1981,11,26,4.4
1981,11,27,3.3
1981,11,29,7.5
1981,11,30,6.1
1981,12,3,6.4
1981,12,11,1.2
1981,12,13,20.1
1981,12,14,2.1
1981,12,20,4
1981,12,23,7.3
1981,12,24,4
1981,12,27,1.3
1981,12,28,1.5
1981,12,29,8.3
1981,12,30,5.2
1982,1,2,22.5
1982,1,3,23.7
1982,1,4,10.8
1982,1,5,10.4
1982,1,7,1.4
1982,1,24,2.3
1982,1,26,4.4
1982,1,30,2.7
1982,2,5,3.1
1982,2,8,1.1
1982,2,17,2.1
1982,2,28,1.3
1982,3,2,2.3
1982,3,6,1
1982,3,9,1.7
1982,3,11,3.1
1982,3,14,4.9
1982,3,16,1.5
1982,3,19,5.2
1982,3,31,2.2
1982,4,5,4.9
1982,4,6,1.6
1982,4,7,2.9
1982,5,2,5.9
1982,5,6,1.9
1982,5,15,1.8
1982,5,17,2.5
1982,5,21,10.3
1982,5,22,2.3
1982,5,23,6.5
1982,6,2,3.7
1982,6,4,2.8
1982,6,11,7.5
1982,6,12,7
1982,6,15,6.4
1982,6,18,3.4
1982,6,22,8.4
1982,6,25,24.4
1982,6,26,13.7
1982,6,27,4.1
1982,6,28,5.7
1982,7,9,2.1
1982,7,14,14.6
1982,7,15,20.3
1982,8,7,9.1
1982,8,13,3.6
1982,8,14,4.7
1982,8,15,3.9
1982,8,16,4.5
1982,8,17,7.8
1982,8,19,1.4
1982,8,20,2.6
1982,8,23,3.6
1982,8,24,2.8
1982,8,29,3.1
1982,8,30,8.1
1982,9,4,10.1
1982,9,5,8.7
1982,9,6,2.8
1982,9,18,2.2
1982,9,19,2.6
1982,9,20,3.6
1982,9,24,10.7
1982,9,25,1
1982,9,26,1.1
1982,9,27,3.4
1982,9,28,1.1
1982,10,1,1.3
1982,10,3,3
1982,10,4,4.2
1982,10,5,10.2
1982,10,6,3.1
1982,10,7,2.3
1982,10,8,2
1982,10,9,3.8
1982,10,10,3.4
1982,10,11,8.6
1982,10,12,4.7
1982,10,13,4.8
1982,10,16,3.2
1982,10,19,3.5
1982,10,25,1
1982,10,30,2.4
1982,10,31,3.9
1982,11,3,1.3
1982,11,5,3
1982,11,7,1.8
1982,11,8,3.7
1982,11,10,5.5
1982,11,11,4
1982,11,15,1.9
1982,11,17,3.3
1982,11,20,4.7
1982,11,21,3.8
1982,11,22,5.4
1982,11,23,4
1982,11,24,4.6
1982,12,4,4.1
1982,12,7,10
1982,12,8,2.5
1982,12,9,4.4
1982,12,12,3.7
1982,12,15,5.3
1982,12,16,1.1
1982,12,17,1.7
1982,12,19,7.3
1982,12,20,1.9
1982,12,23,1.7
1982,12,25,1.5
1982,12,26,4.3
1983,1,1,2
1983,1,2,1
1983,1,3,2.4
1983,1,5,4.2
1983,1,12,4.4
1983,1,17,1
1983,1,29,4.1
1983,1,31,4
1983,2,1,1.2
1983,2,5,4.8
1983,2,6,15.4
1983,2,7,6.2
1983,2,9,2.1
1983,2,10,4.7
1983,2,11,1.1
1983,2,14,1.7
1983,2,27,2.9
1983,2,28,1.4
1983,3,2,10.7
1983,3,3,1.7
1983,3,10,1.2
1983,3,14,1
1983,3,15,1.1
1983,3,16,3.5
1983,3,18,14.2
1983,3,20,2.6
1983,3,21,4.5
1983,3,22,2.1
1983,3,23,8.5
1983,3,26,4
1983,3,29,2.5
1983,3,31,1.7
1983,4,2,2.2
1983,4,3,4.1
1983,4,5,2.6
1983,4,8,1.9
1983,4,10,9.3
1983,4,11,1.9
1983,4,18,5.5
1983,4,19,7.7
1983,4,20,23.5
1983,4,22,7.1
1983,4,25,2.9
1983,4,27,14.7
1983,4,28,18.8
1983,4,30,1.6
1983,5,1,14.5
1983,5,2,10.3
1983,5,3,2.5
1983,5,5,7.6
1983,5,6,5
1983,5,7,4.4
1983,5,9,1.6
1983,5,11,1.7
1983,5,12,2.2
1983,5,15,5.4
1983,5,16,2.6
1983,5,17,2.7
1983,5,27,22.6
1983,5,28,1.7
1983,5,30,2.7
1983,6,1,23.8
1983,6,2,1.1
1983,6,7,6.1
1983,6,11,2.4
1983,6,22,3.5
1983,6,28,3.2
1983,7,1,4.1
1983,7,17,6.7
1983,7,31,1.1
1983,8,1,6.7
1983,8,15,5.2
1983,8,20,4.8
1983,8,23,1.3
1983,8,31,12.2
1983,9,2,4.8
1983,9,8,6.4
1983,9,9,1.5
1983,9,10,19.8
1983,9,11,1.6
1983,9,13,1.2
1983,9,14,1.5
1983,9,17,9.6
1983,9,20,1.2
1983,9,24,1.4
1983,10,1,1
1983,10,7,1.9
1983,10,8,12.1
1983,10,9,2
1983,10,12,1.1
1983,10,13,1.6
1983,10,15,6.6
1983,10,16,1.3
1983,10,24,1
1983,10,27,2.5
1983,11,2,3.7
1983,11,3,5
1983,11,10,2.3
1983,11,11,1.8
1983,11,15,1.1
1983,11,25,5.9
1983,11,26,4.8
1983,11,27,2.8
1983,12,4,1.8
1983,12,8,29
1983,12,9,4.1
1983,12,14,14.4
1983,12,17,10.4
1983,12,18,3
1983,12,19,5.9
1983,12,20,3.4
1983,12,22,6
1983,12,23,13
1983,12,24,6.5
1983,12,25,12.2
1983,12,26,1
1983,12,29,1.9
1983,12,31,1.6
1984,1,2,4.9
1984,1,3,1.1
1984,1,8,1.1
1984,1,10,4.2
1984,1,11,2.9
1984,1,12,6.3
1984,1,13,4.5
1984,1,14,2
1984,1,15,3.4
1984,1,16,9.9
1984,1,17,3.5
1984,1,21,3.7
1984,1,22,1.6
1984,1,23,22.9
1984,1,24,7.6
1984,1,25,1.1
1984,1,26,11.7
1984,1,27,2.2
1984,1,28,1.7
1984,1,30,2.1
1984,2,1,4.1
1984,2,3,2.1
1984,2,4,1.3
1984,2,5,1
1984,2,6,7.6
1984,2,7,3.2
1984,2,20,5
1984,2,26,3.3
1984,3,1,1.2
1984,3,2,2.2
1984,3,3,2.4
1984,3,11,3.6
1984,3,13,1.3
1984,3,15,1.8
1984,3,23,4.6
1984,3,24,16.3
1984,3,25,15.4
1984,3,26,9.8
1984,3,28,4.4
1984,3,29,3.4
1984,3,30,2.9
1984,4,6,3.7
1984,4,9,2.6
1984,4,10,3.3
1984,4,11,2.1
1984,5,10,3.5
1984,5,20,3.1
1984,5,21,4.8
1984,5,24,2.2
1984,5,26,2
1984,5,27,1.7
1984,5,31,2
1984,6,1,10.9
1984,6,2,2.3
1984,6,3,4.2
1984,6,4,11.5
1984,6,5,12.2
1984,6,13,2.1
1984,6,21,1.5
1984,6,27,1.9
1984,7,1,3.5
1984,7,14,1.1
1984,7,27,6.5
1984,7,28,1.3
1984,7,30,4.7
1984,7,31,2.2
1984,8,1,5.5
1984,8,2,20.8
1984,8,3,3.2
1984,8,6,3.2
1984,8,7,2.7
1984,8,28,4.1
1984,8,30,1.2
1984,8,31,7.2
1984,9,1,1.1
1984,9,3,27.2
1984,9,8,6.4
1984,9,13,2.8
1984,9,16,24.1
1984,9,17,2.9
1984,9,20,1.9
1984,9,21,2.5
1984,9,22,9.3
1984,9,23,4.8
1984,9,28,7.9
1984,9,29,6
1984,10,3,6.9
1984,10,7,3.7
1984,10,8,2
1984,10,12,1.2
1984,10,13,2.1
1984,10,17,6
1984,10,19,4.4
1984,10,21,1.7
1984,10,22,7.3
1984,10,24,9.5
1984,10,27,2.7
1984,10,28,1
1984,11,2,28.6
1984,11,3,16.4
1984,11,4,1.6
1984,11,5,1.8
1984,11,6,7.2
1984,11,8,5
1984,11,9,6.5
1984,11,11,2.3
1984,11,12,12.5
1984,11,14,6.6
1984,11,15,6.7
1984,11,16,6.5
1984,11,17,5.1
1984,11,18,14.4
1984,11,20,5.2
1984,11,21,3.3
1984,11,22,1
1984,11,23,1
1984,11,25,1.4
1984,11,27,4.4
1984,12,1,6.5
1984,12,4,1
1984,12,8,1.5
1984,12,17,4
1984,12,23,1.4
1984,12,31,1.3
1985,1,1,7.6
1985,1,2,5.5
1985,1,3,5.2
1985,1,4,3.9
1985,1,5,4.3
1985,1,6,4
1985,1,7,1.7
1985,1,8,1.8
1985,1,9,2.2
1985,1,12,4.1
1985,1,13,5.5
1985,1,14,2.2
1985,1,15,2.6
1985,1,16,7.6
1985,1,17,2.8
1985,1,20,1.7
1985,1,21,10.6
1985,1,24,1.1
1985,1,25,1.8
1985,1,27,4.1
1985,1,28,1.7
1985,1,30,1.3
1985,2,25,2.3
1985,3,1,4
1985,3,3,1.7
1985,3,6,1
1985,3,10,3.3
1985,3,15,6
1985,3,20,1
1985,3,21,4.6
1985,3,22,12.4
1985,3,23,6.6
1985,3,26,1.8
1985,3,28,5.9
1985,3,29,11
1985,3,30,2.9
1985,3,31,7.1
1985,4,4,6.5
1985,4,5,1.8
1985,4,7,7.5
1985,4,8,2.7
1985,4,9,6.3
1985,4,10,3.4
1985,4,11,10
1985,4,12,1.1
1985,4,13,1
1985,4,14,4.5
1985,4,20,1.4
1985,4,28,4.1
1985,4,29,1.2
1985,5,7,8
1985,5,9,3.3
1985,5,13,2.3
1985,5,14,19.8
1985,5,17,1.6
1985,5,18,13.3
1985,5,23,4.1
1985,5,24,2
1985,5,27,11.4
1985,6,8,2.9
1985,6,9,4.5
1985,6,10,4.5
1985,6,11,8.5
1985,6,12,6.1
1985,6,13,6.8
1985,6,14,1.7
1985,6,21,3.9
1985,6,23,1.7
1985,6,28,2.1
1985,7,5,3.2
1985,7,7,2
1985,7,8,4.4
1985,7,13,12.9
1985,7,15,1.8
1985,7,17,4.3
1985,7,19,1.6
1985,7,21,1.1
1985,7,22,2.9
1985,7,25,1.1
1985,7,26,22.9
1985,7,28,9.2
1985,7,29,12.4
1985,8,1,2.3
1985,8,2,1.8
1985,8,4,23.5
1985,8,5,4.2
1985,8,6,6.7
1985,8,11,10.5
1985,8,14,11.4
1985,8,15,1.4
1985,8,16,1.1
1985,8,18,1.1
1985,8,19,1.6
1985,8,20,1.3
1985,8,23,3.9
1985,8,25,1.6
1985,8,29,1.5
1985,8,31,1.7
1985,9,2,9.3
1985,9,3,3.9
1985,9,7,16.2
1985,9,18,5.9
1985,9,20,7.2
1985,9,21,18.5
1985,9,22,3.8
1985,10,3,1.3
1985,10,6,3.5
1985,10,30,1.7
1985,11,1,2
1985,11,4,5.2
1985,11,5,1.5
1985,11,7,4.4
1985,11,8,4.7
1985,11,9,6.8
1985,11,12,1.9
1985,11,14,1.5
1985,11,16,5.9
1985,11,19,2.1
1985,11,20,2.2
1985,11,22,6.1
1985,11,23,1.7
1985,11,24,3.7
1985,11,25,2.8
1985,11,27,1.4
1985,11,30,7.4
1985,12,2,1.4
1985,12,4,1.3
1985,12,5,7.1
1985,12,6,4.2
1985,12,7,7.1
1985,12,10,2.3
1985,12,17,5.4
1985,12,19,3.6
1985,12,24,2.2
1985,12,25,2.1
1985,12,31,1.2
1986,1,1,6.6
1986,1,2,4.6
1986,1,4,4.1
1986,1,5,5.4
1986,1,6,1
1986,1,9,1.9
1986,1,10,2.6
1986,1,13,3.9
1986,1,17,2.6
1986,1,18,7.8
1986,1,19,3.1
1986,1,20,3.6
1986,1,22,1.3
1986,1,27,3.1
1986,1,28,4.7
1986,1,29,7
1986,1,30,1.3
1986,1,31,1.4
1986,2,1,1.2
1986,2,2,5.5
1986,2,3,1.9
1986,2,5,4.5
1986,2,6,2.3
1986,2,7,1.5
1986,2,8,1.8
1986,2,18,2.6
1986,2,19,3.3
1986,2,20,1
1986,2,21,9.2
1986,2,24,3.7
1986,3,9,1.6
1986,3,18,2.6
1986,3,19,2.2
1986,3,20,2.1
1986,3,22,4
1986,3,23,7.9
1986,3,24,7.8
1986,3,26,1.3
1986,3,31,3.2
1986,4,2,2.3
1986,4,3,1.8
1986,4,4,1.2
1986,4,5,1.9
1986,4,6,1.5
1986,4,7,8.9
1986,4,8,1.1
1986,4,11,1.9
1986,4,13,4.8
1986,4,14,4.8
1986,4,15,25.2
1986,4,16,3.2
1986,4,17,7.5
1986,4,19,8
1986,4,20,4
1986,4,21,7.2
1986,4,23,3.6
1986,4,24,6.9
1986,4,25,4
1986,4,28,3.4
1986,5,5,8.7
1986,5,6,19.4
1986,5,7,3.4
1986,5,11,2
1986,5,14,1.4
1986,5,15,1.6
1986,5,19,2
1986,5,20,9.7
1986,5,24,2.8
1986,5,28,2.7
1986,5,30,3.1
1986,6,2,2.1
1986,6,3,3.8
1986,6,4,1.7
1986,6,8,3.6
1986,6,9,11.4
1986,6,10,3.8
1986,6,17,1.5
1986,7,19,1.1
1986,7,28,8.8
1986,7,29,1.7
1986,7,30,6.5
1986,7,31,2.4
1986,8,1,3.7
1986,8,4,11.4
1986,8,5,4.3
1986,8,6,14.5
1986,8,7,4.1
1986,8,8,1.4
1986,8,13,1.5
1986,8,18,1.1
1986,8,19,6.8
1986,8,20,1
1986,8,21,5.6
1986,8,25,40.2
1986,8,26,38.3
1986,8,27,13.9
1986,8,29,2.2
1986,8,31,10.1
1986,9,2,25.7
1986,9,17,1.6
1986,10,4,2.2
1986,10,18,5.2
1986,10,19,1.2
1986,10,20,3.9
1986,10,21,2
1986,10,26,4.5
1986,10,27,3.9
1986,10,28,2.2
1986,10,29,1
1986,10,30,1.8
1986,10,31,5.8
1986,11,1,1.7
1986,11,7,2.1
1986,11,9,1.6
1986,11,10,1.7
1986,11,13,4.5
1986,11,14,3.3
1986,11,17,1.1
1986,11,18,9.5
1986,11,25,3.3
1986,12,3,2.1
1986,12,4,4.6
1986,12,7,4.3
1986,12,8,6.2
1986,12,14,2.1
1986,12,15,2.8
1986,12,20,2.7
1986,12,21,7
1986,12,22,1.1
1986,12,28,1.9
1986,12,29,21.3
1986,12,30,5.4
1986,12,31,1.6
1987,1,1,21.9
1987,1,6,5
1987,1,11,7.4
1987,1,12,6.5
1987,1,13,9.1
1987,1,14,2.6
1987,2,2,4.2
1987,2,7,3.3
1987,2,8,1.2
1987,2,9,14.1
1987,2,13,1.9
1987,2,26,4.8
1987,2,27,1.4
1987,3,1,23.8
1987,3,3,2.2
1987,3,5,7.1
1987,3,6,6.5
1987,3,7,1.2
1987,3,16,1.3
1987,3,24,11.8
1987,3,25,3.2
1987,3,26,1
1987,3,27,9.5
1987,3,31,9.6
1987,4,1,14.1
1987,4,4,6.6
1987,4,5,10.7
1987,4,7,23.1
1987,4,8,2.7
1987,4,9,1.4
1987,4,10,13.3
1987,4,11,3.7
1987,5,1,2.4
1987,5,2,2.8
1987,5,10,1
1987,5,11,3.1
1987,5,12,1
1987,5,13,6
1987,5,14,3.1
1987,5,16,1.8
1987,5,17,3.1
1987,5,28,3.3
1987,5,29,7.7
1987,6,2,11.4
1987,6,3,1.2
1987,6,5,10.2
1987,6,6,3.5
1987,6,7,4.4
1987,6,8,1.9
1987,6,9,2.7
1987,6,11,4.2
1987,6,12,1.8
1987,6,14,2.2
1987,6,16,3.6
1987,6,21,2.7
1987,6,22,5.2
1987,6,23,1.3
1987,6,25,5.9
1987,6,27,6.5
1987,6,28,1.9
1987,6,29,1.6
1987,7,9,8.6
1987,7,10,25.7
1987,7,15,1.2
1987,7,16,1.1
1987,7,17,23.7
1987,7,18,11.2
1987,7,19,1.4
1987,7,21,1.4
1987,7,23,2.8
1987,7,26,5.5
1987,8,3,3.9
1987,8,6,1.2
1987,8,11,7.2
1987,8,12,15.4
1987,8,15,6.2
1987,8,16,9.8
1987,8,17,1.5
1987,8,21,5.5
1987,8,22,12.1
1987,8,23,2.2
1987,8,25,7.4
1987,8,26,5.5
1987,8,28,1
1987,9,5,4.4
1987,9,9,3.8
1987,9,11,11.4
1987,9,12,4.5
1987,9,15,1.7
1987,9,19,15.5
1987,9,21,5.1
1987,9,22,1
1987,9,25,2.6
1987,10,5,8.4
1987,10,8,3.5
1987,10,9,4
1987,10,10,5.9
1987,10,12,1
1987,10,13,1.4
1987,10,14,1.8
1987,10,15,14
1987,10,16,1.3
1987,10,17,1.3
1987,10,18,1.8
1987,10,19,1.3
1987,10,20,16.4
1987,10,27,14.4
1987,10,30,1.3
1987,11,8,1.5
1987,11,10,2.3
1987,11,11,3.4
1987,11,12,1.9
1987,11,14,4
1987,11,21,1.6
1987,11,22,5.5
1987,11,23,25.7
1987,11,24,18
1987,11,25,4.9
1987,11,26,1.4
1987,11,29,1.7
1987,12,1,1
1987,12,6,1.8
1987,12,13,1
1987,12,15,7.5
1987,12,16,1.1
1987,12,17,4.7
1987,12,19,1.3
1987,12,20,5.2
1987,12,27,13.1
1987,12,30,1
1988,1,1,2
1988,1,2,2.7
1988,1,5,19.2
1988,1,6,10.2
1988,1,8,1
1988,1,17,8.5
1988,1,18,3.3
1988,1,23,10.5
1988,1,25,1.7
1988,1,26,1.2
1988,1,28,6.5
1988,1,31,7.2
1988,2,3,1.4
1988,2,4,3
1988,2,5,1.1
1988,2,9,2
1988,2,15,2.8
1988,2,22,1
1988,2,24,5.4
1988,2,26,1
1988,3,9,7.1
1988,3,11,15.8
1988,3,12,2.6
1988,3,14,3.7
1988,3,15,2.5
1988,3,18,6.6
1988,3,20,2
1988,3,22,2.8
1988,3,24,1.8
1988,3,27,3.4
1988,4,2,5
1988,4,8,2.4
1988,4,15,3.6
1988,4,18,5
1988,4,25,3.3
1988,4,26,10.7
1988,4,30,3.1
1988,5,1,1.9
1988,5,2,8.4
1988,5,3,7.6
1988,5,8,9.2
1988,5,11,5.4
1988,5,19,1.8
1988,5,23,3.2
1988,5,24,1.2
1988,5,26,5.5
1988,5,29,6.9
1988,5,30,3
1988,5,31,2.2
1988,6,3,2.6
1988,6,25,7.9
1988,6,30,8.6
1988,7,1,15.1
1988,7,2,9.4
1988,7,3,6.9
1988,7,4,15.5
1988,7,6,2.3
1988,7,8,2
1988,7,9,5.3
1988,7,12,9.9
1988,7,14,2.2
1988,7,16,3.1
1988,7,20,7.5
1988,7,21,12.8
1988,7,22,7.9
1988,7,24,2.2
1988,7,27,1.6
1988,7,28,34.6
1988,7,30,2.2
1988,8,1,2.1
1988,8,2,1.1
1988,8,8,5.5
1988,8,10,1.4
1988,8,11,1.5
1988,8,13,2.2
1988,8,17,1.7
1988,8,18,13.9
1988,8,19,6.1
1988,8,20,2.5
1988,8,26,6
1988,9,1,5.9
1988,9,6,3.3
1988,9,10,6.7
1988,9,12,1.9
1988,9,22,4.7
1988,9,23,8.1
1988,9,25,2.3
1988,9,27,1.4
1988,9,28,1.5
1988,10,4,6
1988,10,5,2.2
1988,10,6,2.1
1988,10,7,3
1988,10,8,1.3
1988,10,9,4.1
1988,10,11,13.2
1988,10,12,6
1988,10,18,14
1988,10,19,7.7
1988,10,20,2.8
1988,10,23,3
1988,10,24,2.5
1988,10,25,5.4
1988,10,26,5.2
1988,11,8,3.5
1988,11,17,2.3
1988,11,19,9.6
1988,11,20,4.9
1988,11,29,21.9
1988,11,30,21.6
1988,12,1,1.3
1988,12,2,3.1
1988,12,3,2.9
1988,12,22,12.5
1988,12,26,2.4
1989,1,5,4.6
1989,1,13,2.7
1989,2,4,7.2
1989,2,7,1.8
1989,2,13,1.9
1989,2,18,2.1
1989,2,19,10.2
1989,2,24,21.9
1989,2,25,3.2
1989,3,2,1.6
1989,3,12,2.9
1989,3,14,1.4
1989,3,16,1.9
1989,3,21,2.9
1989,3,22,2.2
1989,3,23,2.5
1989,3,25,1
1989,4,4,6.9
1989,4,5,5.9
1989,4,6,4.8
1989,4,8,1.1
1989,4,9,4
1989,4,10,2
1989,4,11,3.9
1989,4,12,2.5
1989,4,16,2.3
1989,4,19,1.8
1989,4,21,1.3
1989,4,22,1.1
1989,4,23,1
1989,4,30,1.2
1989,5,12,4.8
1989,5,18,2.3
1989,5,23,3.9
1989,5,31,2
1989,6,2,3.2
1989,6,5,1.4
1989,6,6,3.8
1989,6,12,1.2
1989,6,13,20.2
1989,6,26,17.2
1989,6,27,2.8
1989,6,28,2.2
1989,6,30,2.4
1989,7,8,1.3
1989,7,10,3.9
1989,7,29,1.3
1989,7,31,1.2
1989,8,9,17.1
1989,8,10,7.3
1989,8,13,12.9
1989,8,24,2.7
1989,8,25,3.9
1989,8,26,14.3
1989,8,30,4.4
1989,9,7,1.6
1989,9,10,1.3
1989,9,11,1.1
1989,9,12,3.9
1989,9,15,1.4
1989,9,22,1.2
1989,10,5,4.2
1989,10,7,1.9
1989,10,12,1.6
1989,10,19,11.1
1989,10,20,4.7
1989,10,21,1.5
1989,10,22,2.2
1989,10,26,4.6
1989,10,27,6.4
1989,10,28,4.9
1989,10,29,7.8
1989,10,31,1.5
1989,11,8,5.8
1989,11,10,3.4
1989,11,22,1.9
1989,11,24,2.1
1989,11,30,3.3
1989,12,13,2.5
1989,12,14,13.8
1989,12,15,2.6
1989,12,16,14.6
1989,12,19,1.1
1989,12,20,6.7
1989,12,24,1.3
1990,1,1,5.8
1990,1,2,2.9
1990,1,6,3
1990,1,16,1.2
1990,1,18,1.8
1990,1,22,4.5
1990,1,23,1.9
1990,1,24,3
1990,1,25,8.1
1990,1,27,12.9
1990,1,28,1.5
1990,1,30,2.8
1990,1,31,1.5
1990,2,1,3.5
1990,2,6,1.7
1990,2,7,21.8
1990,2,11,5.1
1990,2,13,6.5
1990,2,14,4.6
1990,2,19,2.7
1990,2,25,4.1
1990,2,26,3.2
1990,2,28,1.8
1990,3,8,6.4
1990,3,9,3.4
1990,3,24,1.1
1990,4,2,3.1
1990,4,14,1.3
1990,5,6,2.5
1990,5,7,3.4
1990,5,8,1.7
1990,5,9,15.5
1990,5,10,4.7
1990,5,14,5.8
1990,5,15,23.2
1990,5,16,9.9
1990,6,1,2.2
1990,6,5,2.1
1990,6,6,3.7
1990,6,7,4.5
1990,6,20,4.2
1990,6,21,12.1
1990,6,22,6
1990,6,24,2.6
1990,6,27,1
1990,6,29,2.8
1990,6,30,7.4
1990,7,2,1.4
1990,7,4,14.2
1990,7,6,2.5
1990,7,7,2.3
1990,7,15,8.3
1990,8,8,1.5
1990,8,12,1.4
1990,8,14,5.4
1990,8,18,3.4
1990,8,19,9.2
1990,8,24,11.6
1990,8,29,6.4
1990,8,31,1.8
1990,9,1,2.2
1990,9,6,2.5
1990,9,18,5.6
1990,9,20,1.7
1990,9,22,3
1990,9,24,11.8
1990,9,29,5.2
1990,9,30,1.9
1990,10,2,4.3
1990,10,4,1.6
1990,10,5,2.6
1990,10,6,2.4
1990,10,10,9.3
1990,10,11,1.9
1990,10,15,1.4
1990,10,17,1.2
1990,10,18,6.8
1990,10,19,16.6
1990,10,24,1.3
1990,10,25,1.7
1990,10,26,3.6
1990,10,27,5.4
1990,10,28,3.2
1990,10,29,1.6
1990,10,30,1.2
1990,11,1,1.6
1990,11,3,4.4
1990,11,4,5.1
1990,11,5,1.1
1990,11,6,1.6
1990,11,10,1.2
1990,11,16,1
1990,11,21,7
1990,11,24,8.5
1990,11,25,3.2
1990,11,26,2.4
1990,11,27,1
1990,12,6,4.9
1990,12,7,21
1990,12,8,19.3
1990,12,9,2.4
1990,12,10,3.8
1990,12,15,1
1990,12,24,4.1
1990,12,25,2.7
1990,12,26,4.5
1990,12,27,2.1
1990,12,28,4.2
1990,12,29,1.6
1990,12,31,5.5
1991,1,1,2.2
1991,1,2,2.2
1991,1,4,1.4
1991,1,5,4.5
1991,1,8,18.1
1991,1,9,2
1991,1,10,1.1
1991,1,11,1.6
1991,1,16,1.3
1991,1,18,1.9
1991,1,23,3.1
1991,2,1,2.2
1991,2,7,3.6
1991,2,8,12.1
1991,2,9,13.6
1991,2,10,5.9
1991,2,11,2.1
1991,2,14,10.8
1991,2,21,11.2
1991,2,22,3.1
1991,2,23,1.9
1991,2,27,13.3
1991,2,28,3
1991,3,2,1.2
1991,3,4,16.3
1991,3,5,2.8
1991,3,6,2.9
1991,3,7,3.6
1991,3,8,3.1
1991,3,13,7.7
1991,3,16,7.4
1991,3,17,1.4
1991,3,18,2.6
1991,3,19,1.9
1991,3,20,19.5
1991,3,21,1.3
1991,4,4,1.8
1991,4,17,1.2
1991,4,18,3.2
1991,4,19,3.2
1991,4,21,3.7
1991,5,3,6.4
1991,5,6,1.6
1991,5,15,2
1991,5,16,1.2
1991,6,2,9.7
1991,6,3,1.1
1991,6,8,2.4
1991,6,9,3.2
1991,6,11,2.7
1991,6,14,1
1991,6,15,2.4
1991,6,16,5.9
1991,6,17,5.6
1991,6,18,3.3
1991,6,21,1.8
1991,6,22,1.6
1991,6,24,1.2
1991,6,25,7
1991,6,29,4.2
1991,7,1,1.8
1991,7,2,2.5
1991,7,7,5.3
1991,7,8,2
1991,7,11,1.3
1991,7,15,3.7
1991,7,16,1
1991,7,17,1
1991,7,19,13.3
1991,7,22,2.8
1991,7,24,3.6
1991,7,31,5.1
1991,8,5,3.3
1991,8,6,12.3
1991,8,7,2
1991,8,16,1.6
1991,8,17,4.9
1991,8,23,1.4
1991,8,27,2.6
1991,9,14,3.3
1991,9,15,6
1991,9,21,5.1
1991,9,22,1.3
1991,9,23,1.4
1991,9,28,3.2
1991,10,4,3.3
1991,10,7,3.7
1991,10,9,1.7
1991,10,12,2.5
1991,10,14,1.6
1991,10,15,1.8
1991,10,18,1.6
1991,10,24,2.7
1991,10,25,2
1991,10,29,4.4
1991,10,31,9.6
1991,11,1,3.7
1991,11,2,6.3
1991,11,3,1.3
1991,11,4,6.2
1991,11,10,4.2
1991,11,12,4.2
1991,11,13,4.6
1991,11,17,1.6
1991,11,18,21.9
1991,11,19,1.2
1991,11,20,2.7
1991,11,21,7.4
1991,11,28,1.5
1991,12,17,2.8
1991,12,18,2.9
1991,12,19,6.5
1991,12,20,6.7
1991,12,21,13
1991,12,22,10.9
1991,12,23,6.9
1992,1,3,2.9
1992,1,5,5.5
1992,1,7,1.2
1992,1,8,6.3
1992,2,2,1.8
1992,2,3,12.7
1992,2,12,1.8
1992,2,14,4.1
1992,2,16,1.4
1992,2,17,3.1
1992,2,18,3
1992,2,23,1.1
1992,2,29,4.5
1992,3,6,1.1
1992,3,10,2.8
1992,3,12,3
1992,3,20,5.3
1992,3,24,1.2
1992,3,25,1.4
1992,3,26,2.3
1992,3,29,8.1
1992,3,30,25.3
1992,3,31,25.7
1992,4,1,49.4
1992,4,2,4.9
1992,4,11,2.1
1992,4,13,6.6
1992,4,14,27.6
1992,4,15,2
1992,4,22,1.6
1992,4,25,1.1
1992,4,29,2.1
1992,4,30,1
1992,5,4,4.3
1992,5,29,1
1992,5,30,1.1
1992,6,4,4.3
1992,6,5,1.6
1992,6,13,2
1992,6,30,2.6
1992,7,3,23.5
1992,7,7,3.6
1992,7,8,4.6
1992,7,11,3.4
1992,7,12,1.3
1992,7,13,1
1992,7,16,2.9
1992,7,18,1.6
1992,7,20,3.9
1992,7,21,3.4
1992,7,25,1.2
1992,7,27,1
1992,7,31,1.3
1992,8,2,1.6
1992,8,3,1.2
1992,8,4,1
1992,8,8,16.2
1992,8,12,18.9
1992,8,13,2.2
1992,8,15,5.4
1992,8,17,1.1
1992,8,22,9
1992,8,26,11
1992,8,27,1
1992,8,29,10.7
1992,9,1,3.2
1992,9,2,1.9
1992,9,5,2.3
1992,9,6,2.7
1992,9,12,3.4
1992,9,17,1.5
1992,9,19,2.8
1992,9,21,34.9
1992,9,22,7.7
1992,9,23,5.9
1992,9,25,1.8
1992,9,27,1.7
1992,9,29,3.2
1992,9,30,7.3
1992,10,2,16.1
1992,10,3,1.3
1992,10,8,1.3
1992,10,14,6.3
1992,10,15,13
1992,10,16,5.9
1992,10,24,3.1
1992,10,25,6
1992,10,26,3.7
1992,10,27,5.3
1992,10,28,1.7
1992,10,31,1.7
1992,11,1,3.1
1992,11,2,2.3
1992,11,4,1.6
1992,11,6,1
1992,11,9,8
1992,11,10,2.3
1992,11,14,7.7
1992,11,15,3.6
1992,11,16,3.8
1992,11,21,9.4
1992,11,22,6
1992,11,24,4.6
1992,11,25,3.3
1992,11,26,1.9
1992,11,27,2.1
1992,11,30,5.8
1992,12,1,11.3
1992,12,2,3.2
1992,12,4,1.4
1992,12,6,12.1
1992,12,7,3.7
1992,12,11,1.5
1992,12,15,1.9
1992,12,17,4
1992,12,18,7.6
1993,1,4,2.3
1993,1,10,2.7
1993,1,12,1.7
1993,1,14,2.9
1993,1,15,1.3
1993,1,20,1.2
1993,1,21,1.3
1993,1,22,2.4
1993,1,23,9.7
1993,1,24,3.5
1993,1,27,4.3
1993,1,28,4.5
1993,1,30,1.1
1993,2,25,1.1
1993,2,26,2.3
1993,2,27,1.6
1993,2,28,4.2
1993,3,1,1.4
1993,3,10,2.1
1993,3,12,2.6
1993,3,31,4.4
1993,4,1,1.2
1993,4,3,5.3
1993,4,4,7.4
1993,4,5,5.7
1993,4,6,1.7
1993,4,8,7.5
1993,4,9,16.2
1993,4,11,4.3
1993,4,12,7.9
1993,4,17,13.1
1993,4,18,15
1993,4,23,4.1
1993,4,24,2.6
1993,4,25,11.2
1993,5,10,1
1993,5,13,51
1993,5,14,20.8
1993,5,16,7.1
1993,5,17,4.2
1993,5,20,8.6
1993,5,29,2
1993,5,30,1.4
1993,6,1,4.4
1993,6,2,2.2
1993,6,10,4.7
1993,6,11,4.5
1993,6,13,1.6
1993,6,14,1.4
1993,6,17,2.6
1993,6,18,3.1
1993,6,23,1.2
1993,6,25,6.6
1993,7,8,3
1993,7,13,2.9
1993,7,14,4.2
1993,7,15,8
1993,7,16,5.1
1993,7,18,3.9
1993,7,20,1.4
1993,7,23,3.7
1993,7,24,1.3
1993,7,27,3.6
1993,8,4,22.7
1993,8,5,17.8
1993,8,6,1.4
1993,8,8,12.5
1993,8,10,5.9
1993,8,11,1.9
1993,8,12,2.5
1993,8,14,3
1993,8,15,4.3
1993,9,8,26.3
1993,9,10,2.8
1993,9,13,11
1993,9,14,23.7
1993,9,15,7.2
1993,9,16,1.2
1993,9,19,1
1993,9,29,1.6
1993,9,30,2.8
1993,10,1,5.6
1993,10,2,2.1
1993,10,3,5.8
1993,10,5,20.1
1993,10,6,11.7
1993,10,7,1.2
1993,10,8,3.2
1993,10,9,7.5
1993,10,11,1.8
1993,10,12,2.8
1993,10,13,4
1993,10,20,4.3
1993,10,21,2.4
1993,10,29,1.1
1993,10,30,1.7
1993,11,8,1.2
1993,11,9,5.9
1993,11,13,24.6
1993,11,14,2.6
1993,11,20,1.6
1993,11,21,3.4
1993,11,22,6.9
1993,11,29,5.1
1993,12,1,1.1
1993,12,3,1.4
1993,12,6,7.2
1993,12,8,7.5
1993,12,11,1.2
1993,12,12,24.2
1993,12,13,1.1
1993,12,14,2.1
1993,12,15,1.6
1993,12,22,2.3
1993,12,23,7.9
1993,12,25,2.9
1993,12,27,1.8
1993,12,28,4.1
1993,12,29,1.8
1994,1,1,8.6
1994,1,2,1.5
1994,1,3,11.1
1994,1,5,15.7
1994,1,6,1.4
1994,1,9,1.7
1994,1,12,4.5
1994,1,15,1.5
1994,1,16,3.1
1994,1,17,1.1
1994,1,24,1.7
1994,1,26,3.1
1994,2,1,2.5
1994,2,3,11
1994,2,8,1.2
1994,2,15,1.7
1994,2,16,3
1994,2,17,1
1994,2,21,3
1994,2,22,1.3
1994,2,23,4.6
1994,2,24,1
1994,2,25,11.2
1994,2,26,9.4
1994,2,27,8.1
1994,2,28,1.3
1994,3,1,1.2
1994,3,2,2.3
1994,3,12,1.2
1994,3,14,1.1
1994,3,16,1.8
1994,3,18,1.1
1994,3,23,3.4
1994,3,24,1
1994,3,28,1.2
1994,3,30,3.1
1994,3,31,4.8
1994,4,3,1.3
1994,4,6,5.2
1994,4,8,1
1994,4,9,2
1994,4,11,5.4
1994,4,12,4.8
1994,4,19,2.9
1994,4,20,4.8
1994,4,21,4.2
1994,4,22,2
1994,4,23,8
1994,4,25,1.2
1994,5,5,2
1994,5,6,2.4
1994,5,14,1.6
1994,5,15,1.2
1994,5,21,9.7
1994,5,22,3.3
1994,6,1,1.5
1994,6,3,5.6
1994,6,15,2
1994,6,16,5.4
1994,6,21,7
1994,6,24,3.5
1994,7,4,1.1
1994,7,6,1.4
1994,7,12,2
1994,7,24,7.4
1994,7,26,4.8
1994,7,30,2.3
1994,7,31,9.7
1994,8,1,1.6
1994,8,3,27.1
1994,8,10,1.5
1994,8,16,3.2
1994,8,17,1.8
1994,8,22,3.2
1994,8,23,3.7
1994,8,24,4.3
1994,8,25,1.3
1994,8,26,2.7
1994,8,30,1.2
1994,8,31,2
1994,9,3,4.8
1994,9,6,6.6
1994,9,7,4.9
1994,9,9,5.4
1994,9,12,14.8
1994,9,13,1.9
1994,9,14,3.8
1994,9,15,2.9
1994,9,19,5
1994,9,20,6.3
1994,9,24,1
1994,9,30,2.5
1994,10,2,16.6
1994,10,19,14.7
1994,10,20,3.3
1994,10,21,4.6
1994,10,22,5.9
1994,10,29,2.7
1994,10,30,5.9
1994,11,3,4.4
1994,11,4,11.6
1994,11,5,3.3
1994,11,8,2.6
1994,11,9,1.8
1994,11,10,2.6
1994,11,12,16.4
1994,11,13,2.9
1994,11,17,7.7
1994,11,18,9.5
1994,11,19,2
1994,11,23,1.1
1994,12,4,7.7
1994,12,5,1.8
1994,12,6,3.3
1994,12,7,6.2
1994,12,13,3.7
1994,12,17,2.6
1994,12,18,3.7
1994,12,25,1.6
1994,12,26,2.3
1994,12,27,5.3
1994,12,28,1.4
1994,12,29,2
1994,12,30,8.7
1995,1,4,1.3
1995,1,10,9.2
1995,1,16,3.8
1995,1,17,6
1995,1,19,6.1
1995,1,21,10.1
1995,1,25,10.3
1995,1,27,6.9
1995,1,30,2.7
1995,2,6,4.5
1995,2,9,3.3
1995,2,10,3.9
1995,2,11,2.9
1995,2,14,1.7
1995,2,15,3.8
1995,2,21,3.6
1995,2,22,12.6
1995,2,28,2.7
1995,3,1,3
1995,3,2,1.6
1995,3,4,1.1
1995,3,8,1.5
1995,3,11,1.9
1995,3,17,2.3
1995,3,25,2.1
1995,3,26,7.3
1995,3,27,4
1995,3,28,3.3
1995,3,30,4.8
1995,4,3,1.7
1995,4,17,10.6
1995,4,18,4.3
1995,4,20,3
1995,4,21,2.3
1995,4,22,15.9
1995,4,23,1
1995,5,8,11.2
1995,5,9,1.3
1995,5,14,11
1995,5,16,4
1995,5,17,1.5
1995,5,18,1.9
1995,5,22,1.6
1995,5,24,5
1995,5,27,1.1
1995,5,28,1
1995,6,1,5.5
1995,6,2,2.5
1995,6,3,4.1
1995,6,4,5.8
1995,6,6,3.4
1995,6,7,2.4
1995,6,10,4.7
1995,6,11,1.9
1995,6,19,2.7
1995,7,6,2.5
1995,7,11,5
1995,7,13,2
1995,7,15,6.8
1995,7,16,2.9
1995,7,17,1.3
1995,8,12,1.8
1995,8,24,1.4
1995,8,25,1.1
1995,8,26,1
1995,8,27,2.1
1995,9,2,2.1
1995,9,3,4.3
1995,9,4,10.3
1995,9,5,4.1
1995,9,6,5.8
1995,9,7,34.3
1995,9,8,25.6
1995,9,10,11.5
1995,9,12,4.6
1995,9,23,1.9
1995,9,25,1.2
1995,9,30,1.6
1995,10,1,1.3
1995,10,2,3.7
1995,10,3,7.3
1995,10,6,1.7
1995,10,16,1.7
1995,10,19,2.9
1995,10,24,1.9
1995,10,26,3.3
1995,10,31,3.9
1995,11,8,5.8
1995,11,9,4
1995,11,10,18.2
1995,11,11,16.5
1995,11,14,9.8
1995,11,15,50.7
1995,11,16,13.4
1995,11,17,8.5
1995,11,25,2.1
1995,11,26,2.1
1995,12,3,12.9
1995,12,5,5.6
1995,12,6,5.2
1995,12,7,1.8
1995,12,12,1.8
1995,12,13,3.6
1995,12,14,1.7
1995,12,15,2.2
1995,12,18,3.8
1995,12,21,11.4
1995,12,22,22.8
1995,12,24,1
1995,12,31,2
1996,1,1,2.5
1996,1,4,1.2
1996,1,5,2.1
1996,1,6,3.7
1996,1,7,1
1996,1,8,1
1996,1,11,2.5
1996,1,25,1.4
1996,1,26,1.4
1996,1,27,4.7
1996,2,2,5.3
1996,2,3,2.8
1996,2,8,1
1996,2,9,6.6
1996,2,11,12.3
1996,2,12,18.3
1996,2,13,1.3
1996,2,17,3.3
1996,2,18,1.8
1996,2,19,1
1996,2,20,2.9
1996,2,21,9
1996,2,24,1.2
1996,3,2,3
1996,3,3,1
1996,3,11,6.9
1996,3,12,1.6
1996,3,14,1.1
1996,3,16,3.1
1996,3,18,1
1996,3,27,1.2
1996,4,10,6.3
1996,4,11,1.3
1996,4,16,2.3
1996,4,19,1
1996,4,22,10.9
1996,4,29,1.6
1996,4,30,23.5
1996,5,1,4.1
1996,5,10,5.8
1996,5,11,5.4
1996,5,12,1
1996,5,16,2.2
1996,5,18,2.9
1996,5,22,1.2
1996,5,26,7.2
1996,5,28,1.8
1996,5,29,1.3
1996,5,30,2.9
1996,6,2,4.3
1996,6,3,2.5
1996,6,6,4.2
1996,6,7,1.7
1996,6,25,2.3
1996,6,27,2.8
1996,6,28,1.4
1996,7,1,5.8
1996,7,2,5.9
1996,7,3,2.2
1996,7,4,4.2
1996,7,7,3.8
1996,7,11,3.6
1996,7,22,3.4
1996,7,23,2.7
1996,7,28,1.2
1996,8,6,6.5
1996,8,7,6
1996,8,8,1.1
1996,8,9,3.5
1996,8,10,2.7
1996,8,20,1.7
1996,8,22,6.3
1996,8,23,22.7
1996,8,27,13.4
1996,9,1,9.2
1996,9,3,1.8
1996,9,28,3.2
1996,9,29,1.8
1996,10,3,2.4
1996,10,4,1.8
1996,10,5,2.6
1996,10,7,1.3
1996,10,11,9.5
1996,10,14,2.4
1996,10,17,3.8
1996,10,18,1
1996,10,20,3.8
1996,10,24,5.1
1996,10,26,2.7
1996,10,27,1
1996,10,28,6.7
1996,10,30,3.5
1996,11,3,3.6
1996,11,4,1.8
1996,11,5,8.7
1996,11,6,3.6
1996,11,8,1.4
1996,11,11,22.5
1996,11,12,2
1996,11,16,2.7
1996,11,17,1.4
1996,11,19,14.3
1996,11,20,2.3
1996,11,24,6.5
1996,11,25,5.6
1996,11,27,1.1
1996,11,28,2.2
1996,11,30,1
1996,12,1,2.5
1996,12,2,2.6
1996,12,3,15.6
1996,12,12,1.9
1996,12,15,1.2
1996,12,17,3.5
1996,12,18,21.7
1996,12,22,2.1
1996,12,24,1.2
1996,12,25,1.7
1996,12,26,2.2
1996,12,27,3.6
1996,12,29,6.6
1996,12,30,3.1
1996,12,31,1.5
1997,1,2,3.6
1997,1,3,1.1
1997,1,5,2.9
1997,1,8,1.2
1997,1,11,1.9
1997,1,19,2.2
1997,1,22,1.2
1997,1,26,1.3
1997,2,3,9.5
1997,2,4,3.8
1997,2,11,3.9
1997,2,16,1.5
1997,2,17,3.8
1997,2,19,8.5
1997,2,20,6
1997,2,24,3.1
1997,2,25,4.5
1997,2,26,3.1
1997,3,1,1.1
1997,3,13,1.1
1997,3,15,2.4
1997,3,23,2.3
1997,3,24,1.1
1997,3,27,3.4
1997,4,5,3
1997,4,21,1.1
1997,5,3,6.6
1997,5,4,7.5
1997,5,5,6.7
1997,5,6,2.4
1997,5,7,3.4
1997,5,8,7.3
1997,5,10,6
1997,5,11,3.8
1997,5,16,4.8
1997,5,17,2.7
1997,5,19,3
1997,5,20,2.1
1997,5,25,1.6
1997,6,5,5.1
1997,6,7,5.7
1997,6,10,1.7
1997,6,11,16.7
1997,6,12,6.8
1997,6,13,13.8
1997,6,17,1.4
1997,6,19,5.6
1997,6,20,3.6
1997,6,21,1.6
1997,6,22,1
1997,6,25,20
1997,6,26,3.9
1997,6,27,8.8
1997,6,28,17.6
1997,6,30,33.9
1997,7,1,1.4
1997,7,2,2.4
1997,7,3,6.7
1997,7,4,1.6
1997,7,9,2.3
1997,7,13,6.8
1997,7,22,5.8
1997,7,23,3.4
1997,7,24,7
1997,7,26,8.8
1997,7,27,2.1
1997,7,29,4.3
1997,7,31,2.5
1997,8,13,9.3
1997,8,17,8.6
1997,8,21,9.2
1997,8,23,2.3
1997,8,24,1.4
1997,8,27,1.4
1997,8,31,15.1
1997,9,2,1.5
1997,9,3,2.9
1997,9,6,2.8
1997,9,11,5.1
1997,9,17,1
1997,10,6,7.4
1997,10,8,4.7
1997,10,9,8.9
1997,10,11,1.7
1997,10,14,4.5
1997,10,15,3
1997,11,1,1.1
1997,11,4,2.6
1997,11,7,11.5
1997,11,8,2.3
1997,11,16,3.2
1997,11,17,1
1997,11,18,1.7
1997,11,19,3.4
1997,11,20,6.8
1997,11,25,3.9
1997,11,26,8.1
1997,11,27,3.9
1997,11,28,15.5
1997,11,29,8.9
1997,12,2,1.6
1997,12,3,3.1
1997,12,9,11.8
1997,12,10,3.9
1997,12,11,4.2
1997,12,15,1.2
1997,12,17,2
1997,12,18,13.8
1997,12,19,18.3
1997,12,22,1.4
1997,12,23,2.7
1997,12,24,5.6
1997,12,25,3.1
1997,12,28,5
1997,12,30,10.5
1998,1,1,8.8
1998,1,2,2.1
1998,1,3,1.4
1998,1,4,4.3
1998,1,7,1.2
1998,1,8,9.8
1998,1,9,1.2
1998,1,12,2.2
1998,1,13,13
1998,1,14,7.1
1998,1,15,3.3
1998,1,16,1.7
1998,1,18,10.5
1998,1,19,2
1998,1,20,2.5
1998,1,21,4.6
1998,1,23,4.5
1998,1,30,1.8
1998,2,21,2.2
1998,2,27,1.2
1998,2,28,1.2
1998,3,1,3.8
1998,3,2,1.8
1998,3,3,9.3
1998,3,4,3.8
1998,3,5,1.2
1998,3,6,16.1
1998,3,7,5
1998,3,10,6.2
1998,3,12,2.5
1998,3,23,2.9
1998,3,25,2
1998,3,29,2.9
1998,4,1,1.3
1998,4,2,29.5
1998,4,3,5.4
1998,4,4,8.4
1998,4,5,5.3
1998,4,6,6.8
1998,4,7,9.2
1998,4,8,12.4
1998,4,9,4
1998,4,10,3
1998,4,11,1.6
1998,4,12,1.8
1998,4,15,1.2
1998,4,16,22.3
1998,4,17,6.9
1998,4,19,2.9
1998,4,20,3.9
1998,4,22,15.7
1998,4,24,2.1
1998,4,26,2.7
1998,4,27,1.1
1998,5,5,1.1
1998,5,10,1.9
1998,5,11,2.9
1998,5,26,1.2
1998,5,27,1
1998,5,28,34.6
1998,5,29,21.9
1998,5,30,20.2
1998,6,2,17.1
1998,6,3,1.1
1998,6,5,3.7
1998,6,6,7.5
1998,6,7,2.8
1998,6,8,8.1
1998,6,10,5.8
1998,6,13,12.3
1998,6,14,21.9
1998,6,22,2.3
1998,6,23,4.7
1998,6,25,2.7
1998,6,26,3.5
1998,6,27,6.2
1998,7,4,1.2
1998,7,8,5.3
1998,7,9,1.2
1998,7,10,1.4
1998,7,11,2
1998,7,12,3
1998,7,13,1.5
1998,7,16,1.6
1998,7,17,3.2
1998,7,19,4.6
1998,7,20,14.8
1998,7,22,1.6
1998,7,24,1
1998,7,26,2.3
1998,7,28,2.8
1998,7,29,2.9
1998,7,30,6.4
1998,7,31,1.1
1998,8,2,6
1998,8,3,2
1998,8,7,2.2
1998,8,12,1.2
1998,8,16,2.9
1998,8,20,2.2
1998,8,23,4.3
1998,8,25,5.4
1998,8,31,6
1998,9,1,7.5
1998,9,8,2.4
1998,9,9,3.7
1998,9,10,7.9
1998,9,11,5.5
1998,9,12,10
1998,9,16,1.1
1998,9,27,5.2
1998,9,28,1.9
1998,9,29,1.7
1998,9,30,10.3
1998,10,1,2.1
1998,10,2,1.5
1998,10,3,1.7
1998,10,4,4.8
1998,10,5,4.3
1998,10,6,1.6
1998,10,10,2.2
1998,10,12,2.9
1998,10,13,3.2
1998,10,14,1.5
1998,10,15,1.8
1998,10,16,12.5
1998,10,17,7.2
1998,10,20,4.6
1998,10,22,1.9
1998,10,24,8.7
1998,10,26,6.8
1998,10,27,5.4
1998,10,28,2.4
1998,11,2,38.3
1998,11,3,1.8
1998,11,5,1.6
1998,11,7,1.8
1998,11,8,4.7
1998,11,12,3.8
1998,11,13,2.5
1998,11,14,6.7
1998,11,15,1.2
1998,11,22,5.3
1998,11,23,2.7
1998,11,25,1
1998,11,27,1.5
1998,11,28,1
1998,11,30,1.3
1998,12,3,4.2
1998,12,7,6.8
1998,12,8,2.1
1998,12,10,1
1998,12,12,2.2
1998,12,13,2.5
1998,12,18,2.9
1998,12,25,1.8
1998,12,26,2.4
1998,12,27,1.3
1998,12,28,1.3
1999,1,3,3.6
1999,1,4,5.2
1999,1,5,5
1999,1,7,7.2
1999,1,8,2.9
1999,1,12,1.7
1999,1,15,4.8
1999,1,16,2.6
1999,1,24,2.2
1999,1,29,1.8
1999,2,15,1.3
1999,2,17,5.3
1999,2,20,3.7
1999,2,21,2.2
1999,2,28,8.8
1999,3,1,4.6
1999,3,2,2
1999,3,3,14.4
1999,3,4,13.3
1999,3,5,1.4
1999,3,6,12.1
1999,3,7,4.7
1999,3,8,3.2
1999,3,9,3.1
1999,3,11,1.9
1999,3,15,3.1
1999,3,20,1.4
1999,3,21,2.4
1999,3,22,2
1999,4,11,1.6
1999,4,12,3.9
1999,4,13,7.6
1999,4,14,1.5
1999,4,15,1.8
1999,4,18,2.1
1999,4,19,1.5
1999,4,20,12.3
1999,4,22,1.1
1999,4,23,2.4
1999,5,5,12.3
1999,5,6,2.2
1999,5,7,9.7
1999,5,8,5
1999,5,9,1.2
1999,5,10,4.6
1999,5,11,5.3
1999,5,12,2.9
1999,5,13,6.9
1999,5,23,2
1999,5,27,4.8
1999,5,28,3.3
1999,6,2,12.2
1999,6,4,1.9
1999,6,5,7.5
1999,6,6,7.5
1999,6,7,1.7
1999,6,11,4.9
1999,6,12,1.6
1999,6,19,1.8
1999,6,20,3
1999,6,21,7.3
1999,6,26,5
1999,6,27,7.3
1999,6,28,5.6
1999,7,3,1.2
1999,7,15,3.1
1999,7,17,1
1999,7,19,5
1999,8,13,1.2
1999,8,17,34.4
1999,8,18,43.7
1999,8,19,3.5
1999,8,25,30
1999,9,6,21
1999,9,8,1.3
1999,9,11,1.1
1999,9,19,18.4
1999,9,20,7.9
1999,9,22,7.5
1999,9,23,4.7
1999,9,26,10.4
1999,9,27,2.6
1999,9,28,3.7
1999,9,29,6.1
1999,9,30,2.4
1999,10,1,2.7
1999,10,14,1.3
1999,10,18,2.5
1999,10,19,4.2
1999,10,21,16.6
1999,10,24,12
1999,10,30,2.3
1999,11,1,1.9
1999,11,5,14.2
1999,11,7,2
1999,11,11,2
1999,11,12,2.6
1999,11,13,1.6
1999,11,14,2.2
1999,11,18,12.3
1999,11,19,1.1
1999,11,24,1.3
1999,11,26,1
1999,11,28,1.7
1999,11,29,1.2
1999,12,2,9.1
1999,12,3,1.2
1999,12,8,3.2
1999,12,9,1.4
1999,12,10,3.9
1999,12,11,4.1
1999,12,12,1.3
1999,12,14,7.6
1999,12,20,1.7
1999,12,22,1.4
1999,12,23,3.7
1999,12,24,6.4
1999,12,30,1
2000,1,4,1.3
2000,1,10,1.5
2000,1,11,9.9
2000,1,12,5.8
2000,1,13,5.8
2000,1,14,1.5
2000,1,22,1.7
2000,1,23,1.6
2000,1,28,1.9
2000,1,31,3.8
2000,2,8,2.3
2000,2,9,1.3
2000,2,11,2.4
2000,2,14,1.1
2000,2,15,1.3
2000,2,16,1.8
2000,2,17,2.8
2000,2,18,3.6
2000,2,20,3.4
2000,2,24,1.4
2000,2,27,1.3
2000,2,28,4
2000,3,2,2.6
2000,3,8,4
2000,3,9,6.1
2000,3,21,1.2
2000,3,23,7.2
2000,4,1,1.1
2000,4,2,11.9
2000,4,3,1.1
2000,4,10,1.4
2000,4,11,17.2
2000,4,12,7.8
2000,4,13,14.3
2000,4,15,1.3
2000,4,16,6.2
2000,4,17,8.5
2000,4,18,11.8
2000,4,19,4
2000,4,21,3.7
2000,4,24,11
2000,4,25,10
2000,4,26,8.2
2000,5,16,13.3
2000,5,17,1.5
2000,5,18,12.1
2000,5,19,1.7
2000,5,20,4.1
2000,5,22,1.1
2000,5,23,2.8
2000,5,26,25.5
2000,5,28,6.9
2000,5,29,3
2000,5,30,2.7
2000,5,31,1.5
2000,6,1,2
2000,6,2,7.2
2000,6,3,47.7
2000,6,4,2.6
2000,6,6,8.2
2000,6,13,1.5
2000,6,22,2.8
2000,6,28,1.1
2000,7,1,2.2
2000,7,3,4.6
2000,7,5,2.3
2000,7,6,2.9
2000,7,8,5.6
2000,7,9,9.7
2000,7,10,1.2
2000,7,14,3.3
2000,7,24,1.1
2000,7,31,4.5
2000,8,2,8.7
2000,8,3,1.6
2000,8,9,5.7
2000,8,12,2.9
2000,8,13,4.5
2000,8,17,1.6
2000,8,19,8.4
2000,8,20,4.6
2000,8,25,1.6
2000,8,26,4.7
2000,8,27,1.5
2000,8,28,9.6
2000,8,31,6.8
2000,9,1,7.2
2000,9,4,1
2000,9,5,3.2
2000,9,6,1.4
2000,9,7,1.1
2000,9,9,2.9
2000,9,11,5.6
2000,9,15,2.4
2000,9,17,10.4
2000,9,19,25
2000,9,20,2.8
2000,9,21,1
2000,9,24,7.7
2000,9,26,22.4
2000,9,27,1.7
2000,10,4,12.7
2000,10,6,1.3
2000,10,7,12.6
2000,10,9,10.7
2000,10,10,3.5
2000,10,11,15.4
2000,10,13,1.9
2000,10,17,2.9
2000,10,18,1.1
2000,10,23,1.1
2000,10,24,5.4
2000,10,26,1.2
2000,10,28,7.7
2000,10,29,15.8
2000,10,30,5.5
2000,10,31,4.8
2000,11,2,27.3
2000,11,5,21.3
2000,11,6,39.5
2000,11,7,21
2000,11,8,7.2
2000,11,10,1.3
2000,11,15,4.8
2000,11,18,1.8
2000,11,21,6.6
2000,11,25,4.1
2000,11,27,8.8
2000,11,28,5.1
2000,12,4,3.4
2000,12,5,1.3
2000,12,7,23.3
2000,12,8,5.5
2000,12,9,1.9
2000,12,11,4.6
2000,12,12,9
2000,12,19,2.5
2000,12,23,6.1
2000,12,28,4.1
2000,12,31,3.3
2001,1,1,1.7
2001,1,2,5.9
2001,1,7,1.1
2001,1,9,1.6
2001,1,10,1.4
2001,1,18,1.7
2001,1,19,7.7
2001,1,22,4.6
2001,1,23,7.9
2001,1,30,1.5
2001,2,1,6.3
2001,2,2,4.1
2001,2,3,8.9
2001,2,4,17.7
2001,2,5,14.3
2001,2,6,5.2
2001,2,7,1.9
2001,2,10,5.9
2001,2,23,2.4
2001,2,24,2.4
2001,2,25,2.3
2001,2,26,5.4
2001,2,27,10.8
2001,2,28,3.8
2001,3,1,1.9
2001,3,2,1
2001,3,6,5
2001,3,7,1.8
2001,3,11,2.5
2001,3,17,2.8
2001,3,18,4.6
2001,3,21,6.5
2001,3,22,3.5
2001,3,24,2.4
2001,3,25,1.4
2001,3,27,9.9
2001,4,2,1.7
2001,4,3,9
2001,4,5,5.8
2001,4,6,14.8
2001,4,7,5.5
2001,4,9,1.7
2001,4,17,5.3
2001,4,22,1.6
2001,4,24,2.1
2001,4,25,9.2
2001,4,26,1.7
2001,4,28,1.4
2001,4,29,1.7
2001,5,2,1.7
2001,5,15,2.1
2001,5,16,1.6
2001,5,17,2.7
2001,5,29,1.3
2001,5,31,1.7
2001,6,1,3.8
2001,6,6,8.6
2001,6,7,3.2
2001,6,8,1.1
2001,6,9,10.9
2001,6,14,8.7
2001,6,15,16
2001,6,16,6.1
2001,7,7,2
2001,7,10,1.5
2001,7,11,1
2001,7,12,3.2
2001,7,13,12.8
2001,7,14,14.6
2001,7,15,9.8
2001,7,18,5
2001,7,23,1.4
2001,7,30,4
2001,8,4,5.5
2001,8,6,1.2
2001,8,7,40
2001,8,8,1.1
2001,8,9,1.2
2001,8,12,2.2
2001,8,14,1.5
2001,8,15,6.3
2001,8,16,1.7
2001,8,18,4.7
2001,8,19,7.6
2001,8,24,4.2
2001,8,25,1.5
2001,8,30,2.3
2001,9,3,3.7
2001,9,4,1.4
2001,9,7,1.2
2001,9,12,2.3
2001,9,13,2.9
2001,9,16,1.7
2001,9,19,12.3
2001,9,20,4.5
2001,9,23,1.1
2001,9,24,3.9
2001,9,25,2.1
2001,9,26,4.6
2001,9,27,7
2001,9,28,1.8
2001,9,30,8.5
2001,10,5,5.2
2001,10,7,11.7
2001,10,8,4.5
2001,10,13,1.7
2001,10,14,3.1
2001,10,15,4
2001,10,18,1.2
2001,10,19,1.3
2001,10,20,4.4
2001,10,21,24.2
2001,10,22,12.8
2001,10,26,1.6
2001,10,30,1.3
2001,11,6,1.2
2001,11,7,9.5
2001,11,8,7.1
2001,11,9,2.1
2001,11,11,2
2001,11,12,4.7
2001,11,18,4.4
2001,11,19,2.1
2001,11,21,2.2
2001,11,23,2.3
2001,11,27,5.1
2001,11,28,1.4
2001,12,3,3.2
2001,12,4,5
2001,12,5,21.4
2001,12,16,1.4
2001,12,17,3.2
2001,12,20,1.7
2001,12,21,4.4
2001,12,22,4.6
2001,12,23,5.8
2001,12,24,1.3
2001,12,27,1.8
2001,12,30,1.2
2002,1,5,1.3
2002,1,11,3.7
2002,1,13,4
2002,1,18,1.5
2002,1,23,1.4
2002,1,25,5.3
2002,1,26,1
2002,1,27,1.3
2002,1,28,2.2
2002,1,29,1.6
2002,1,31,1
2002,2,2,6.1
2002,2,4,4.9
2002,2,5,1
2002,2,8,2.6
2002,2,10,2.2
2002,2,12,2.4
2002,2,19,4.1
2002,2,20,1
2002,2,22,3.7
2002,2,23,1.1
2002,2,24,2.5
2002,2,25,24.6
2002,2,26,3.5
2002,2,28,6
2002,3,1,1.7
2002,3,6,1
2002,3,9,5.2
2002,3,10,2.5
2002,3,14,1.9
2002,3,15,9.3
2002,3,19,2.2
2002,3,20,6.3
2002,3,21,3.2
2002,3,22,1.2
2002,3,24,3.7
2002,4,1,1.8
2002,4,20,2.3
2002,4,21,4.5
2002,4,25,1.8
2002,4,28,5.4
2002,4,29,5.8
2002,4,30,3
2002,5,1,1.1
2002,5,2,2.5
2002,5,3,5.3
2002,5,7,1.8
2002,5,13,2.7
2002,5,18,3.6
2002,5,20,2.4
2002,5,21,4.4
2002,5,23,1.9
2002,5,26,1.4
2002,5,27,3.1
2002,5,28,6
2002,5,30,2.8
2002,6,2,20.6
2002,6,3,1.1
2002,6,5,2.6
2002,6,7,11.3
2002,6,9,2.9
2002,6,11,1.3
2002,6,12,2.7
2002,6,13,4.4
2002,6,14,9.1
2002,6,21,3
2002,6,26,1.2
2002,6,30,9.7
2002,7,1,5.2
2002,7,3,2.4
2002,7,4,5.4
2002,7,12,3.1
2002,7,18,3.3
2002,7,19,6.9
2002,7,20,10.2
2002,7,21,2.8
2002,7,22,3
2002,7,23,1.6
2002,7,30,20.4
2002,7,31,3.6
2002,8,1,15.8
2002,8,2,11.9
2002,8,7,5.8
2002,8,9,15.7
2002,8,11,2.3
2002,8,18,5.1
2002,8,22,2.9
2002,8,23,3
2002,9,6,2.3
2002,9,7,3.9
2002,9,9,11
2002,10,1,1.1
2002,10,2,1.3
2002,10,11,6.8
2002,10,12,6.5
2002,10,13,6.4
2002,10,14,1.2
2002,10,15,3.2
2002,10,16,2
2002,10,17,4.2
2002,10,18,2.3
2002,10,20,18.7
2002,10,21,21.8
2002,10,22,1
2002,10,24,3.2
2002,10,25,3.6
2002,10,26,9.5
2002,10,28,2.1
2002,10,29,1.7
2002,11,1,9
2002,11,2,10
2002,11,5,2.6
2002,11,7,2.9
2002,11,8,7
2002,11,9,2.9
2002,11,12,1.9
2002,11,13,7.5
2002,11,14,14.9
2002,11,20,4.4
2002,11,21,4.8
2002,11,22,1.4
2002,11,27,1.3
2002,11,30,2.1
2002,12,1,3
2002,12,2,1.1
2002,12,3,2.8
2002,12,6,6.1
2002,12,7,2.4
2002,12,13,2.1
2002,12,15,10.5
2002,12,16,2.1
2002,12,21,17.1
2002,12,22,2.5
2002,12,23,3.6
2002,12,26,12.7
2002,12,27,6.9
2002,12,29,13.6
2002,12,30,1.9
2002,12,31,4.7
2003,1,1,6.7
2003,1,2,8.1
2003,1,3,2.4
2003,1,7,1.7
2003,1,8,6.5
2003,1,9,1
2003,1,17,1
2003,1,18,6.9
2003,1,19,1.8
2003,1,20,2.5
2003,1,21,2.9
2003,1,22,4.7
2003,1,24,1.6
2003,1,25,2.8
2003,1,31,3.5
2003,2,2,1.6
2003,2,8,8.1
2003,2,10,9.3
2003,2,28,3.3
2003,3,1,2.5
2003,3,4,3.8
2003,3,9,1.1
2003,3,10,2.6
2003,3,11,3.4
2003,3,31,1.1
2003,4,21,2.7
2003,4,25,3.3
2003,4,27,5
2003,4,29,3.3
2003,4,30,3.3
2003,5,2,7.2
2003,5,13,1.2
2003,5,14,2.1
2003,5,16,13.7
2003,5,17,4.7
2003,5,19,3
2003,5,21,2.9
2003,5,23,2.4
2003,5,24,2.3
2003,5,25,6.2
2003,6,1,1.1
2003,6,5,2.5
2003,6,7,3.6
2003,6,8,15.4
2003,6,12,1.6
2003,6,16,9.3
2003,6,17,2.3
2003,6,21,6.1
2003,6,22,2.3
2003,6,27,14.9
2003,6,30,18.7
2003,7,1,3.3
2003,7,2,3.7
2003,7,9,2
2003,7,16,2.1
2003,7,21,1.1
2003,7,24,6.9
2003,7,25,8
2003,7,26,4.1
2003,7,28,2.9
2003,7,29,7.1
2003,7,30,2.1
2003,8,10,3.8
2003,8,28,10.1
2003,9,5,2.4
2003,9,6,8.6
2003,9,7,1.6
2003,9,18,1.3
2003,9,19,6.5
2003,9,20,11.6
2003,9,21,7.7
2003,9,22,6.5
2003,9,27,1.5
2003,9,29,3.6
2003,10,8,6.3
2003,10,19,2.9
2003,10,20,1.9
2003,10,21,3
2003,10,22,11.9
2003,10,23,1.5
2003,10,25,3.2
2003,10,28,9.9
2003,10,30,1.7
2003,10,31,4.6
2003,11,1,3.4
2003,11,2,2
2003,11,11,3
2003,11,13,2.5
2003,11,14,2.2
2003,11,19,4.5
2003,11,25,1.6
2003,11,28,1.2
2003,11,29,3.6
2003,11,30,7.4
2003,12,1,22.4
2003,12,2,2.6
2003,12,10,6.7
2003,12,11,1
2003,12,12,2
2003,12,19,4.8
2003,12,20,21.8
2003,12,22,2.8
2003,12,25,2.4
2003,12,26,2.5
2003,12,31,5.8
2004,1,4,1.7
2004,1,5,3
2004,1,8,5
2004,1,10,3.9
2004,1,12,3.5
2004,1,15,12.6
2004,1,16,4.3
2004,1,17,1.9
2004,1,18,2.5
2004,1,19,2
2004,1,20,5.5
2004,1,23,2.7
2004,1,26,8.4
2004,1,29,1.4
2004,1,30,10.3
2004,1,31,23.1
2004,2,1,2.2
2004,2,7,1.9
2004,2,13,3.1
2004,2,16,2.9
2004,2,19,1.3
2004,2,23,3
2004,2,26,4.3
2004,2,27,8.8
2004,2,28,6
2004,3,3,2.6
2004,3,6,1.6
2004,3,7,1.2
2004,3,10,1.8
2004,3,12,1.4
2004,3,18,3.3
2004,3,19,4.9
2004,3,20,4.3
2004,3,22,1.9
2004,3,23,1.4
2004,3,24,1.3
2004,3,25,1.1
2004,4,1,5
2004,4,2,3.2
2004,4,5,3.3
2004,4,6,1.7
2004,4,9,1.4
2004,4,16,3.2
2004,4,17,1.7
2004,4,18,18.6
2004,4,21,1.1
2004,4,26,9.2
2004,4,27,7.3
2004,4,28,1.5
2004,5,3,1.6
2004,5,4,5.3
2004,5,7,6
2004,5,8,1.1
2004,5,20,3.7
2004,6,1,9.4
2004,6,2,4.3
2004,6,3,1.6
2004,6,7,1
2004,6,17,10.4
2004,6,18,1.1
2004,6,19,2
2004,6,20,4.3
2004,6,21,9.7
2004,6,22,20.4
2004,6,23,12.8
2004,6,24,7.7
2004,6,26,1.6
2004,6,29,1.3
2004,6,30,4.9
2004,7,2,1.4
2004,7,3,17.7
2004,7,4,7.7
2004,7,5,2.4
2004,7,6,1.5
2004,7,8,2.8
2004,7,10,1.2
2004,7,11,1.3
2004,7,12,1.2
2004,7,13,3.2
2004,7,16,6.8
2004,7,19,1.8
2004,7,20,6.3
2004,7,22,3.5
2004,7,24,4.9
2004,7,29,7.2
2004,8,2,3.3
2004,8,3,7.6
2004,8,5,9.5
2004,8,8,1.5
2004,8,9,47.2
2004,8,10,11.8
2004,8,11,5.7
2004,8,12,22.5
2004,8,15,5.7
2004,8,16,1.3
2004,8,17,8.8
2004,8,18,4.9
2004,8,19,12.1
2004,8,22,1
2004,8,23,8.7
2004,8,24,4.6
2004,8,26,3.3
2004,8,30,1
2004,9,5,1.7
2004,9,14,4.3
2004,9,16,1
2004,9,17,1.2
2004,9,28,1.3
2004,9,29,2.4
2004,10,3,4
2004,10,7,2.1
2004,10,8,1.1
2004,10,12,10.6
2004,10,13,8.1
2004,10,14,9.3
2004,10,15,8.9
2004,10,16,21
2004,10,19,10.7
2004,10,20,12.7
2004,10,21,1.7
2004,10,22,9.5
2004,10,23,6.2
2004,10,24,1.9
2004,10,25,3.6
2004,10,27,2.4
2004,10,28,6.9
2004,10,29,3.8
2004,11,5,1.4
2004,11,8,1.1
2004,11,12,1.2
2004,11,15,7.9
2004,11,21,2.1
2004,11,22,1.6
2004,11,27,3
2004,11,28,2.1
2004,12,14,1.5
2004,12,27,5.4
2004,12,30,16.3
2005,1,1,5.9
2005,1,5,2.5
2005,1,7,9.4
2005,1,8,3.6
2005,1,17,1.1
2005,1,20,1.1
2005,1,24,2.4
2005,1,25,7.7
2005,1,28,1.6
2005,1,31,1.1
2005,2,11,10.3
2005,2,13,1.5
2005,2,14,3
2005,2,15,2.8
2005,2,16,1.8
2005,2,20,6.4
2005,2,21,5.6
2005,2,22,3.9
2005,2,23,4.6
2005,2,24,6.2
2005,2,25,3.1
2005,2,26,3.2
2005,2,28,3.3
2005,3,1,3.6
2005,3,2,7
2005,3,3,5
2005,3,5,1.4
2005,3,11,2.1
2005,3,14,7.9
2005,3,26,1.1
2005,3,27,23.4
2005,3,28,1.5
2005,4,5,1.8
2005,4,6,4.6
2005,4,7,1.6
2005,4,14,36.8
2005,4,15,35
2005,4,17,7.5
2005,4,18,2.7
2005,4,26,6.9
2005,4,30,2.7
2005,5,2,3.9
2005,5,3,7.4
2005,5,7,6.4
2005,5,8,3.2
2005,5,17,1
2005,5,18,4.6
2005,5,19,1.3
2005,5,21,3
2005,5,23,3.4
2005,5,24,1.8
2005,5,26,1.4
2005,5,31,1.5
2005,6,1,4.4
2005,6,4,3.1
2005,6,12,5.1
2005,6,13,1.7
2005,6,16,3.2
2005,6,19,6.4
2005,6,20,1.3
2005,6,24,5.7
2005,6,30,10.4
2005,7,3,1.1
2005,7,4,1.7
2005,7,5,16.1
2005,7,6,20.1
2005,7,14,5.9
2005,7,18,1.3
2005,7,28,29
2005,7,29,9.4
2005,7,30,6.4
2005,8,4,1.4
2005,8,9,3.5
2005,8,10,5.1
2005,8,11,9.2
2005,8,12,2.5
2005,8,13,3.3
2005,8,21,1.5
2005,8,23,3.2
2005,8,31,5.9
2005,9,8,16.1
2005,9,9,38.2
2005,9,14,1.5
2005,9,15,6.7
2005,9,17,1.6
2005,9,28,3.4
2005,9,29,1.7
2005,9,30,1.5
2005,10,11,11.6
2005,10,12,11.5
2005,10,18,1.7
2005,10,21,17.4
2005,10,22,8.4
2005,10,23,13.9
2005,10,24,14.4
2005,10,25,3
2005,10,26,1.6
2005,10,31,2.6
2005,11,1,2.4
2005,11,2,1.9
2005,11,3,14.2
2005,11,4,3.5
2005,11,5,2.6
2005,11,6,2.3
2005,11,7,2
2005,11,8,9.7
2005,11,10,2.6
2005,11,25,7.6
2005,11,26,17
2005,11,27,14.7
2005,11,28,4.9
2005,12,1,3.3
2005,12,2,3
2005,12,3,1.9
2005,12,5,2.8
2005,12,6,4
2005,12,21,1.8
2005,12,26,2.1
2005,12,27,3.2
2005,12,28,1
2005,12,29,3.6
2005,12,30,6.3
2006,1,6,4.9
2006,1,10,2.7
2006,1,18,5.8
2006,1,27,2
2006,2,7,1.5
2006,2,12,1.6
2006,2,14,1.6
2006,2,16,1.4
2006,2,19,1.8
2006,2,20,4.5
2006,2,22,3.9
2006,2,23,6.9
2006,2,25,1.7
2006,2,26,1.2
2006,2,27,1.6
2006,3,7,2
2006,3,8,3.4
2006,3,9,6.9
2006,3,10,3.5
2006,3,13,4.2
2006,3,14,3.9
2006,3,16,2.1
2006,3,19,1.4
2006,3,21,1.2
2006,3,24,7.8
2006,3,25,6.8
2006,3,26,2.8
2006,3,27,1.8
2006,3,28,4.2
2006,3,29,7.3
2006,3,30,4.9
2006,3,31,8.9
2006,4,1,1.4
2006,4,2,4
2006,4,3,1.6
2006,4,7,1.2
2006,4,8,7.7
2006,4,18,1.6
2006,4,30,2.9
2006,5,6,9.5
2006,5,7,1.3
2006,5,12,2.5
2006,5,14,12.9
2006,5,15,9.2
2006,5,16,3.5
2006,5,17,3.5
2006,5,21,10.8
2006,5,22,1.6
2006,5,26,1.9
2006,5,29,1.3
2006,5,31,1.4
2006,6,17,1.1
2006,6,18,2.2
2006,6,20,2.2
2006,6,24,8.2
2006,6,25,1.3
2006,6,28,1
2006,7,8,5.5
2006,7,21,1.3
2006,7,31,6.5
2006,8,1,13.4
2006,8,2,15.8
2006,8,6,3.3
2006,8,8,1.2
2006,8,12,4.1
2006,8,13,13.8
2006,8,16,4
2006,8,17,6.1
2006,8,18,13.1
2006,8,19,5.9
2006,8,20,7.9
2006,8,21,1.1
2006,8,22,1.2
2006,8,23,7.2
2006,8,25,1.1
2006,8,27,1.6
2006,8,28,1.4
2006,8,30,3.1
2006,9,2,26.2
2006,9,3,2.3
2006,9,4,2.3
2006,9,11,4.8
2006,9,13,1.8
2006,9,14,4.3
2006,9,22,6
2006,9,23,7.1
2006,9,24,2.1
2006,9,30,2.8
2006,10,1,4.4
2006,10,2,1.6
2006,10,3,1.9
2006,10,5,2.9
2006,10,6,1.7
2006,10,8,1.7
2006,10,11,4.1
2006,10,16,1.7
2006,10,17,2.9
2006,10,18,8
2006,10,19,2.3
2006,10,20,10.1
2006,10,21,6.1
2006,10,24,3.6
2006,10,25,16.4
2006,10,27,4.7
2006,10,30,2
2006,11,8,1.2
2006,11,11,1.9
2006,11,14,1.6
2006,11,15,2.1
2006,11,19,1.8
2006,11,22,4.3
2006,11,24,7.6
2006,12,2,6.4
2006,12,3,5.4
2006,12,4,2.9
2006,12,5,4.4
2006,12,6,6.6
2006,12,7,10.9
2006,12,10,2.4
2006,12,12,2.2
2006,12,13,2.7
2006,12,14,1.3
2006,12,27,1.5
2006,12,29,9.1
2006,12,30,1.5
2007,1,3,3.8
2007,1,7,1
2007,1,8,4
2007,1,9,7.3
2007,1,10,4.5
2007,1,11,1.6
2007,1,16,1.7
2007,1,17,10
2007,1,18,2.5
2007,1,19,2.5
2007,1,20,1.6
2007,1,21,2.5
2007,1,22,1.5
2007,1,23,1.1
2007,1,24,3.5
2007,2,9,11.3
2007,2,10,18.5
2007,2,11,2.3
2007,2,16,2.3
2007,2,19,7.2
2007,2,20,2.8
2007,2,21,4.4
2007,2,22,1.2
2007,2,24,2.6
2007,2,25,1
2007,2,26,2.7
2007,2,27,3.1
2007,3,2,1.4
2007,3,4,6
2007,3,5,1.4
2007,3,19,3.6
2007,3,20,1.3
2007,3,21,3.9
2007,3,29,3.4
2007,4,19,3.4
2007,4,24,3.8
2007,5,9,3.1
2007,5,10,4.1
2007,5,11,6.1
2007,5,12,5.7
2007,5,13,12.1
2007,5,14,2
2007,5,16,2.6
2007,5,26,7.5
2007,5,28,7.7
2007,5,29,8
2007,6,11,5.6
2007,6,12,29.8
2007,6,13,8.1
2007,6,14,2.1
2007,6,15,21.2
2007,6,16,1.4
2007,6,19,13.2
2007,6,21,1.2
2007,6,22,2
2007,6,23,7.6
2007,6,25,1.5
2007,6,27,6.8
2007,6,28,6.3
2007,6,29,1.5
2007,6,30,26.5
2007,7,1,3.7
2007,7,4,4.8
2007,7,5,12.8
2007,7,6,9.8
2007,7,13,6.5
2007,7,15,9.7
2007,7,17,5.5
2007,7,18,2.1
2007,7,20,4.1
2007,7,21,2.9
2007,7,26,3
2007,8,11,3.1
2007,8,13,2.5
2007,8,14,27.3
2007,8,17,2.5
2007,8,18,5.3
2007,8,19,1.6
2007,8,28,1.1
2007,9,17,2.6
2007,9,20,1.2
2007,9,21,6.9
2007,9,23,5
2007,9,24,3
2007,9,26,3.4
2007,9,28,6.3
2007,10,3,3.4
2007,10,8,7.3
2007,10,9,1.4
2007,10,15,3.6
2007,10,27,1.3
2007,10,28,1.4
2007,11,9,4.4
2007,11,10,2.8
2007,11,12,4.1
2007,11,13,4.7
2007,11,18,6.5
2007,11,19,11.2
2007,11,20,15.2
2007,11,22,1.8
2007,11,30,5.2
2007,12,1,1.1
2007,12,2,1.6
2007,12,6,2.3
2007,12,8,9.5
2007,12,9,12.8
2007,12,27,1
2007,12,28,3.2
2007,12,29,2.8
2007,12,31,6.9
2008,1,1,11.1
2008,1,3,9.8
2008,1,4,3.5
2008,1,6,4.8
2008,1,8,1.8
2008,1,9,2.5
2008,1,10,2.1
2008,1,12,1.6
2008,1,14,1.2
2008,1,15,4.2
2008,1,17,1.1
2008,1,18,2.7
2008,1,19,4.2
2008,1,20,3.4
2008,1,21,21.8
2008,1,22,1.4
2008,1,26,1.9
2008,1,30,4.4
2008,2,1,4.3
2008,2,4,1.6
2008,2,20,1.2
2008,2,21,2
2008,2,22,1.6
2008,2,29,3.5
2008,3,8,1.4
2008,3,9,3.4
2008,3,10,3.7
2008,3,11,5.5
2008,3,21,3.5
2008,3,22,2.5
2008,3,27,1
2008,3,29,7.3
2008,4,4,3.4
2008,4,6,14.8
2008,4,7,2.7
2008,4,8,1.7
2008,4,9,1.6
2008,4,10,2.2
2008,4,11,12.8
2008,4,12,1.1
2008,4,15,3.7
2008,4,16,1.1
2008,4,17,7.8
2008,4,23,1.2
2008,4,26,1.4
2008,4,27,13
2008,4,28,5.9
2008,4,29,15.7
2008,4,30,1.9
2008,5,1,2.6
2008,5,2,1.3
2008,5,4,1.2
2008,5,17,1.2
2008,5,27,1.3
2008,5,28,2.7
2008,5,29,11.3
2008,6,1,8.1
2008,6,2,6.5
2008,6,3,10.6
2008,6,11,2.6
2008,6,13,1.8
2008,6,17,3.9
2008,6,18,3.7
2008,6,21,19.2
2008,6,22,2.5
2008,6,24,4.8
2008,6,26,4.3
2008,6,27,4.5
2008,6,29,1.7
2008,7,1,3.7
2008,7,5,13.1
2008,7,6,10.5
2008,7,9,30.3
2008,7,10,10.3
2008,7,11,3.2
2008,7,12,1.7
2008,7,16,1.1
2008,7,17,3.4
2008,7,18,2.8
2008,7,19,4
2008,7,31,27.6
2008,8,1,2
2008,8,2,8.4
2008,8,3,2.6
2008,8,5,4.2
2008,8,6,3.8
2008,8,7,5.5
2008,8,9,9.1
2008,8,12,11.5
2008,8,13,24.9
2008,8,14,6.3
2008,8,16,5.6
2008,8,17,4.1
2008,8,18,7.3
2008,8,19,11.7
2008,8,21,1.7
2008,8,22,1.8
2008,8,31,6.1
2008,9,2,3.2
2008,9,3,3.3
2008,9,4,3.9
2008,9,5,52.8
2008,9,6,44.8
2008,9,7,4.4
2008,9,9,7.8
2008,9,12,16
2008,9,15,1.9
2008,9,16,6.5
2008,9,29,2.3
2008,9,30,11
2008,10,2,5.6
2008,10,4,5.2
2008,10,7,7.2
2008,10,14,10.7
2008,10,17,2.1
2008,10,20,2.9
2008,10,23,1.7
2008,10,25,2.2
2008,10,30,10.6
2008,10,31,6.2
2008,11,5,2.3
2008,11,6,3.9
2008,11,7,1.1
2008,11,8,3.1
2008,11,9,6.3
2008,11,13,1.8
2008,11,14,1.4
2008,11,17,3.1
2008,11,23,4.8
2008,11,24,7.2
2008,12,1,4.2
2008,12,3,1.9
2008,12,4,6.8
2008,12,5,5.3
2008,12,10,4.8
2008,12,12,4.3
2008,12,13,12.6
2008,12,19,2.2
2009,1,1,1.6
2009,1,4,3.2
2009,1,6,1.8
2009,1,11,1.1
2009,1,14,1.1
2009,1,16,2.7
2009,1,17,2
2009,1,18,3.1
2009,1,22,1.6
2009,1,24,5.7
2009,1,27,2.9
2009,2,2,23
2009,2,7,1.6
2009,2,9,1.4
2009,2,12,10.3
2009,2,20,1.7
2009,2,22,1.3
2009,3,3,2.1
2009,3,7,2.7
2009,3,9,1.2
2009,3,25,1.4
2009,3,27,4.1
2009,4,6,2.1
2009,4,7,1.8
2009,4,10,5.1
2009,4,27,4.4
2009,4,28,21
2009,5,1,2.6
2009,5,2,2.6
2009,5,5,1.3
2009,5,9,1.2
2009,5,15,12.7
2009,5,16,3.5
2009,5,17,2.2
2009,5,19,1.5
2009,5,20,3.4
2009,6,4,2.4
2009,6,5,11.4
2009,6,10,6
2009,6,11,2.8
2009,6,12,1
2009,6,14,3.4
2009,6,15,18.9
2009,6,17,5.7
2009,6,20,4
2009,6,26,8.1
2009,6,27,4.5
2009,6,29,5.3
2009,6,30,1.2
2009,7,1,3.8
2009,7,3,5.3
2009,7,4,5.1
2009,7,5,4.1
2009,7,6,17.8
2009,7,7,3
2009,7,11,9.2
2009,7,13,4.4
2009,7,14,4
2009,7,16,23.7
2009,7,17,34.4
2009,7,18,5.8
2009,7,21,2.5
2009,7,24,1.8
2009,7,25,1
2009,7,29,7.5
2009,7,31,1.1
2009,8,3,1.4
2009,8,9,1.6
2009,8,10,1.2
2009,8,14,1.7
2009,8,15,2.5
2009,8,16,3
2009,8,24,2.4
2009,8,25,2.8
2009,8,26,1.5
2009,8,30,2.1
2009,8,31,7.4
2009,9,1,3
2009,9,2,6.7
2009,9,3,7.1
2009,9,4,6.8
2009,9,6,1.3
2009,9,21,1.6
2009,9,29,5
2009,10,1,1.3
2009,10,2,1.5
2009,10,3,1.1
2009,10,5,2.9
2009,10,6,3
2009,10,9,1.6
2009,10,14,1.7
2009,10,15,1.8
2009,10,18,2.4
2009,10,19,1.2
2009,10,20,3.7
2009,10,21,11.1
2009,10,24,3.5
2009,10,25,1.4
2009,10,27,3.4
2009,10,30,1
2009,10,31,5.2
2009,11,1,18.9
2009,11,2,1.5
2009,11,3,1.1
2009,11,7,26.8
2009,11,8,1.4
2009,11,11,1.7
2009,11,12,2.8
2009,11,13,14.8
2009,11,16,10.2
2009,11,17,20.1
2009,11,20,1.7
2009,11,21,2.4
2009,11,22,2.6
2009,11,23,1.7
2009,11,24,3.7
2009,11,28,3.5
2009,11,29,20.4
2009,11,30,3.1
2009,12,1,2.9
2009,12,4,4
2009,12,5,3.9
2009,12,7,1.5
2009,12,9,2.4
2009,12,13,1.7
2009,12,14,6.7
2009,12,15,8.1
2009,12,16,11.5
2009,12,17,1.7
2009,12,19,2.2
2009,12,26,1.4
2009,12,27,6
2009,12,29,12
2009,12,30,2.2
2009,12,31,1.7
2010,1,1,4.3
2010,1,2,2.3
2010,1,5,8.1
2010,1,6,1.7
2010,1,8,1.4
2010,1,9,1.7
2010,1,11,2.7
2010,1,12,2.7
2010,1,14,2.3
2010,1,15,7.7
2010,1,16,3.8
2010,1,20,2.6
2010,1,21,7.2
2010,1,24,1.6
2010,1,29,1.5
2010,2,1,7.3
2010,2,2,1.2
2010,2,5,7.3
2010,2,6,1.4
2010,2,7,1.5
2010,2,8,3.5
2010,2,9,5.7
2010,2,11,4.3
2010,2,12,1.4
2010,2,15,2.6
2010,2,22,1.7
2010,2,23,7.5
2010,2,24,1.4
2010,2,25,5.1
2010,2,26,26.3
2010,2,27,2.8
2010,2,28,2.4
2010,3,11,1.4
2010,3,12,1
2010,3,19,7
2010,3,20,2.1
2010,3,23,1
2010,3,24,12.1
2010,3,25,7.3
2010,3,28,3.1
2010,3,29,16.3
2010,3,30,25.4
2010,4,2,3.4
2010,4,3,4.2
2010,4,4,2.7
2010,4,18,5.7
2010,5,5,7
2010,5,6,2.1
2010,5,9,1.1
2010,5,16,5
2010,5,17,1.4
2010,5,26,3.5
2010,5,27,2.3
2010,5,29,3.1
2010,6,1,1.6
2010,6,6,4.6
2010,6,8,10.3
2010,6,9,8.7
2010,6,13,2.2
2010,6,28,15.3
2010,7,1,3.5
2010,7,9,2.7
2010,7,10,5.7
2010,7,13,11.8
2010,7,14,12.7
2010,7,15,1.1
2010,7,18,1.1
2010,7,19,14.8
2010,7,20,22.7
2010,7,22,2.1
2010,8,1,4.7
2010,8,5,1.2
2010,8,6,1.7
2010,8,7,2
2010,8,10,2.5
2010,8,12,12.9
2010,8,13,14.4
2010,8,16,2.6
2010,8,17,9.2
2010,8,19,5.3
2010,8,20,2.6
2010,8,21,1
2010,8,23,11.9
2010,8,27,2.9
2010,8,28,1.4
2010,9,6,18
2010,9,7,3.8
2010,9,9,3.1
2010,9,10,14.7
2010,9,13,1
2010,9,14,1
2010,9,18,3.1
2010,9,19,3.3
2010,9,22,5.2
2010,9,23,19.7
2010,9,26,3.3
2010,9,27,1.6
2010,9,28,1
2010,9,29,3
2010,9,30,1.8
2010,10,1,7.1
2010,10,2,2.2
2010,10,3,12
2010,10,5,5.3
2010,10,8,1.1
2010,10,15,3.1
2010,10,20,2.6
2010,10,21,1
2010,10,22,5.3
2010,10,23,5.7
2010,10,25,5.5
2010,10,27,4.7
2010,11,1,1.9
2010,11,2,12
2010,11,3,18.1
2010,11,4,2.6
2010,11,5,1.3
2010,11,6,4.3
2010,11,8,9.6
2010,11,9,2.3
2010,11,11,3.7
2010,11,13,1
2010,11,14,3.8
2010,11,15,1.6
2010,11,19,4.9
2010,11,20,9.9
2010,11,21,7.8
2010,11,22,5.8
2010,11,23,5.9
2010,11,24,8.8
2010,11,25,3.7
2010,11,26,8
2010,11,27,3.4
2010,11,28,10
2010,11,29,8.2
2010,11,30,3.7
2010,12,1,5.7
2010,12,2,3.3
2010,12,12,1.1
2010,12,14,3.1
2010,12,15,2.9
2010,12,16,2.2
2010,12,19,1.6
2010,12,22,2.3
2010,12,27,7.9
2010,12,28,1.4
2010,12,31,1
2011,1,4,3.4
2011,1,7,2.6
2011,1,10,4.3
2011,1,11,1.3
2011,1,12,4.3
2011,1,14,1.3
2011,1,15,1
2011,1,26,4.2
2011,1,27,1.3
2011,2,3,5.6
2011,2,4,5.1
2011,2,5,2.8
2011,2,6,11.8
2011,2,8,4.7
2011,2,11,7.3
2011,2,13,4.1
2011,2,15,5
2011,2,18,2.1
2011,2,19,2
2011,2,22,4.8
2011,2,25,1.1
2011,3,8,2.4
2011,3,11,15.8
2011,3,12,1.3
2011,3,30,4.3
2011,4,1,2.1
2011,4,23,1.8
2011,5,7,15.6
2011,5,8,2.7
2011,5,9,2.6
2011,5,13,1.9
2011,5,21,2.6
2011,5,23,2.2
2011,5,24,1.8
2011,5,26,4.7
2011,6,11,4.8
2011,6,12,8.1
2011,6,15,1
2011,6,18,10.9
2011,6,19,2.2
2011,6,20,8.1
2011,6,21,1.9
2011,6,22,3.9
2011,6,23,4.4
2011,6,24,1.4
2011,6,26,1
2011,6,27,2.7
2011,6,30,4.2
2011,7,5,5.4
2011,7,6,5.1
2011,7,7,6.4
2011,7,8,1.3
2011,7,9,8
2011,7,11,7.4
2011,7,15,4.3
2011,7,16,27.4
2011,7,17,12.8
2011,7,18,5.7
2011,7,19,7.8
2011,7,20,12.1
2011,8,1,4.5
2011,8,2,6
2011,8,4,7.2
2011,8,6,28.8
2011,8,7,2
2011,8,9,6.5
2011,8,10,11.6
2011,8,11,7.2
2011,8,12,2.1
2011,8,15,1.2
2011,8,16,6.3
2011,8,18,2.7
2011,8,20,3.4
2011,8,23,1.6
2011,8,24,7
2011,8,25,1.1
2011,8,26,8.6
2011,9,3,4.5
2011,9,4,2.4
2011,9,5,6.2
2011,9,7,1.2
2011,9,10,1.5
2011,9,11,1.7
2011,9,16,7.4
2011,9,18,1.9
2011,9,25,2.1
2011,10,1,3
2011,10,2,4
2011,10,8,6.8
2011,10,9,2.6
2011,10,10,3.3
2011,10,11,9.9
2011,10,12,2.5
2011,10,17,4.8
2011,10,20,4.7
2011,10,24,4.3
2011,10,25,3.4
2011,10,27,2.6
2011,10,29,1.9
2011,10,31,4.4
2011,11,2,2.1
2011,11,4,1.3
2011,11,8,1.2
2011,11,11,2.1
2011,11,20,1
2011,11,21,1.6
2011,11,24,2
2011,11,25,2.4
2011,11,26,4.1
2011,11,29,1.8
2011,12,3,1.4
2011,12,6,1.2
2011,12,7,1.9
2011,12,8,3
2011,12,12,6.8
2011,12,15,1.3
2011,12,16,3.6
2011,12,19,2.4
2011,12,20,5
2011,12,27,1.3
2011,12,30,7.7
2011,12,31,2.3
2012,1,2,4.7
2012,1,4,5
2012,1,11,1.2
2012,1,20,2.6
2012,1,23,2.5
2012,1,24,1.9
2012,1,29,2.6
2012,2,4,3.8
2012,2,5,1
2012,2,9,4.8
2012,3,4,6.1
2012,3,6,2.4
2012,4,2,3
2012,4,3,22.5
2012,4,6,4.2
2012,4,9,4.3
2012,4,10,5.7
2012,4,11,3.1
2012,4,13,3.6
2012,4,18,21.6
2012,4,19,3.3
2012,4,20,2.5
2012,4,21,8.6
2012,4,22,3.9
2012,4,24,2.9
2012,4,25,18.5
2012,4,26,8.8
2012,4,29,11.2
2012,5,7,4.6
2012,5,9,16
2012,5,10,13.1
2012,5,11,5.3
2012,5,14,3.1
2012,5,17,2.6
2012,5,30,1.5
2012,5,31,13
2012,6,3,1
2012,6,5,6.1
2012,6,6,3.3
2012,6,7,11.6
2012,6,8,14.4
2012,6,9,12.3
2012,6,14,6
2012,6,15,10
2012,6,16,4.3
2012,6,18,1.1
2012,6,21,15.3
2012,6,22,3.5
2012,6,23,5.8
2012,6,24,10
2012,6,26,2.5
2012,6,27,3.8
2012,6,28,39.9
2012,6,30,1.4
2012,7,1,2.4
2012,7,3,2.5
2012,7,5,9.5
2012,7,6,19.8
2012,7,8,2.8
2012,7,9,2.9
2012,7,10,18
2012,7,11,15.3
2012,7,14,1.1
2012,7,17,5.5
2012,7,18,7.6
2012,7,24,2.2
2012,7,31,4.4
2012,8,1,1
2012,8,5,22.7
2012,8,6,11
2012,8,15,17.2
2012,8,17,12.8
2012,8,18,1
2012,8,19,5.3
2012,8,23,1
2012,8,24,10.3
2012,8,25,5.7
2012,8,27,1.8
2012,8,29,6.4
2012,9,10,5.9
2012,9,16,1.2
2012,9,17,1
2012,9,20,14.9
2012,9,23,11.7
2012,9,24,73.7
2012,9,25,17.3
2012,10,1,2.5
2012,10,2,8.1
2012,10,3,1.2
2012,10,4,2.5
2012,10,11,30.2
2012,10,15,10.9
2012,10,16,4
2012,10,17,6.5
2012,10,22,4.7
2012,10,23,1.4
2012,10,24,3.3
2012,10,25,1.1
2012,10,26,2.8
2012,10,27,3.9
2012,10,31,2.4
2012,11,2,1
2012,11,6,1.9
2012,11,12,1
2012,11,16,4.8
2012,11,18,4.4
2012,11,21,2.8
2012,11,22,2.4
2012,11,23,1.3
2012,11,24,23.3
2012,11,25,13.8
2012,11,26,38.9
2012,11,27,4.4
2012,11,30,3.1
2012,12,2,2.3
2012,12,3,1.2
2012,12,4,1
2012,12,5,1.4
2012,12,6,10.2
2012,12,7,2.9
2012,12,9,3
2012,12,10,2.4
2012,12,14,15
2012,12,16,4.1
2012,12,17,1
2012,12,19,6.2
2012,12,20,24.6
2012,12,21,4.5
2012,12,22,11.6
2012,12,24,6.2
2012,12,25,2.3
2012,12,26,13.7
2012,12,27,2.3
2012,12,28,2.7
2012,12,29,5.3
2012,12,30,1.2
2013,1,1,2.5
2013,1,2,1.4
2013,1,7,1.7
2013,1,10,4.6
2013,1,12,1.2
2013,1,13,1.1
2013,1,14,5.4
2013,1,15,2.2
2013,1,18,4.7
2013,1,19,5.6
2013,1,20,8.7
2013,1,21,10.8
2013,1,22,5.2
2013,1,23,3.1
2013,1,25,5.5
2013,1,26,4.7
2013,1,28,1.7
2013,1,29,1.8
2013,2,1,2.9
2013,2,4,3.6
2013,2,5,5.9
2013,2,10,1.4
2013,2,13,6.9
2013,2,19,1.3
2013,2,23,9.4
2013,2,24,3.7
2013,3,6,1.4
2013,3,8,4.9
2013,3,9,2.8
2013,3,10,1.6
2013,3,11,1.7
2013,3,15,3.5
2013,3,16,4.3
2013,3,17,13.7
2013,3,18,7.5
2013,3,19,3
2013,4,4,1
2013,4,11,1.9
2013,4,12,1
2013,4,18,3.2
2013,4,24,1.5
2013,4,25,2.6
2013,4,26,1.9
2013,5,8,1.3
2013,5,9,1.4
2013,5,12,1.8
2013,5,14,12.2
2013,5,15,3.4
2013,5,17,28.6
2013,5,18,12.8
2013,5,20,7.6
2013,5,22,1.8
2013,5,23,3.6
2013,5,29,4.9
2013,5,31,1.1
2013,6,12,2.2
2013,6,14,2.6
2013,6,21,2.7
2013,6,22,1.1
2013,6,23,8.3
2013,6,27,3.8
2013,6,28,5.3
2013,7,2,2.7
2013,7,24,8.1
2013,7,27,39.3
2013,7,28,1.8
2013,7,29,4.3
2013,7,31,11.4
2013,8,4,5.6
2013,8,5,30
2013,8,8,2.1
2013,8,11,1.7
2013,8,12,4.1
2013,8,14,5.4
2013,8,15,11.3
2013,8,17,3
2013,8,23,7.7
2013,8,24,5.3
2013,9,5,6.9
2013,9,6,22.2
2013,9,9,2.2
2013,9,11,1.4
2013,9,12,3.5
2013,9,14,1.2
2013,9,15,1.2
2013,9,18,2.7
2013,9,19,1.7
2013,9,25,1
2013,10,2,1.1
2013,10,3,6.3
2013,10,4,2.5
2013,10,9,2
2013,10,10,1.3
2013,10,12,1
2013,10,13,8
2013,10,14,14.1
2013,10,16,17.1
2013,10,18,2.7
2013,10,19,3.6
2013,10,21,2.4
2013,10,22,8.8
2013,10,23,1.7
2013,10,24,7.3
2013,10,25,7.4
2013,10,27,1.5
2013,10,28,1.1
2013,11,2,8.6
2013,11,10,3.1
2013,11,17,5.9
2013,11,20,20
2013,11,21,3.4
2013,12,4,1.1
2013,12,5,5.1
2013,12,8,1.1
2013,12,12,3.6
2013,12,14,1
2013,12,15,4.4
2013,12,18,5.8
2013,12,21,6.8
2013,12,23,10.3
2013,12,24,3.4
2013,12,26,3.7
2013,12,27,2.5
2013,12,30,2.5
2014,1,1,5.3
2014,1,2,3.1
2014,1,5,7.1
2014,1,6,1.7
2014,1,8,6.8
2014,1,12,1.5
2014,1,13,3.1
2014,1,14,6.6
2014,1,18,6.7
2014,1,19,3.7
2014,1,21,3.1
2014,1,22,1
2014,1,24,6.1
2014,1,25,2.4
2014,1,26,3.5
2014,1,27,1.1
2014,1,28,7.4
2014,1,31,2.1
2014,2,1,2.2
2014,2,4,3.3
2014,2,5,4.8
2014,2,6,1.9
2014,2,7,2.5
2014,2,8,4.9
2014,2,10,1.1
2014,2,12,10.2
2014,2,14,14.8
2014,2,15,4.9
2014,2,18,2.8
2014,2,19,2.4
2014,2,26,1.4
2014,3,1,1.2
2014,3,2,1.4
2014,3,6,1
2014,3,9,1
2014,3,20,1
2014,3,25,1.2
2014,3,26,4.3
2014,3,27,6.3
2014,3,28,8.5
2014,3,31,7.1
2014,4,5,2.8
2014,4,7,2.9
2014,4,22,2.9
2014,4,23,7.3
2014,4,25,16.2
2014,4,26,1.3
2014,4,27,7.3
2014,4,30,13.9
2014,5,1,3.6
2014,5,3,1.2
2014,5,5,4.6
2014,5,7,3
2014,5,8,2.7
2014,5,9,8.1
2014,5,10,4.9
2014,5,11,3.5
2014,5,13,3.7
2014,5,21,9.9
2014,5,22,6.3
2014,5,23,3.9
2014,5,24,10.8
2014,5,27,2.6
2014,5,28,8.1
2014,6,2,5.3
2014,6,3,2.1
2014,6,4,4.8
2014,6,7,18.6
2014,6,8,2
2014,6,9,2.7
2014,6,13,4.5
2014,6,28,1.2
2014,7,4,24.8
2014,7,7,4.5
2014,7,8,2.5
2014,7,12,4.2
2014,7,13,3.1
2014,7,16,2.9
2014,7,19,4.9
2014,7,26,6
2014,8,1,12.4
2014,8,2,7.6
2014,8,5,14.6
2014,8,6,6.6
2014,8,8,7
2014,8,10,6
2014,8,12,1.1
2014,8,14,5.2
2014,8,16,1.5
2014,8,18,1.2
2014,8,20,1.9
2014,8,21,2.5
2014,8,23,5.1
2014,8,29,4.1
2014,8,31,4.9
2014,9,5,8.2
2014,9,6,1.5
2014,9,14,2
2014,9,15,2
2014,9,19,1
2014,9,23,5.4
2014,10,3,3.3
2014,10,4,1
2014,10,5,3.7
2014,10,6,7.7
2014,10,8,4
2014,10,15,4.5
2014,10,16,3.6
2014,10,17,1.5
2014,10,20,1.9
2014,10,28,9.6
2014,10,29,3.8
2014,11,4,8.6
2014,11,6,2.9
2014,11,7,4.5
2014,11,13,1.6
2014,11,14,15.1
2014,11,16,11.5
2014,11,17,1.2
2014,11,19,5.3
2014,11,21,6.1
2014,11,25,5.8
2014,11,26,3.7
2014,11,27,1.2
2014,11,28,1.1
2014,12,1,1.9
2014,12,9,1.2
2014,12,10,8.8
2014,12,14,1
2014,12,16,6.3
2014,12,21,2
2014,12,22,3.9
2014,12,23,5.9
2014,12,27,4.8
2015,1,1,1.5
2015,1,9,3.6
2015,1,10,1.2
2015,1,11,2.2
2015,1,12,1.4
2015,1,14,5.3
2015,1,15,1.9
2015,1,18,5
2015,1,19,5
2015,1,27,4.2
2015,1,28,1.7
2015,1,30,4.2
2015,1,31,2
2015,2,5,1.6
2015,2,15,1.7
2015,2,22,3.4
2015,2,24,1.1
2015,2,25,2.5
2015,3,12,16.4
2015,3,25,4.3
2015,3,27,3.1
2015,3,28,2.9
2015,3,29,3.2
2015,3,30,5.4
2015,3,31,2.6
2015,4,2,1.9
2015,4,3,2.5
2015,4,12,8.8
2015,4,25,1.9
2015,4,28,3.6
2015,5,2,5.8
2015,5,3,4.7
2015,5,4,11.7
2015,5,5,3.1
2015,5,6,4.4
2015,5,8,12.4
2015,5,10,2
2015,5,17,1.6
2015,5,18,1
2015,5,19,3.8
2015,5,23,2.4
2015,5,27,4.1
2015,5,28,1
2015,5,29,4
2015,5,30,7.9
2015,6,1,4.6
2015,6,13,6
2015,6,22,4.9
2015,6,24,1.3
2015,6,25,3.8
2015,6,27,1.6
2015,7,1,11
2015,7,2,1.6
2015,7,3,15.7
2015,7,5,8.4
2015,7,7,1
2015,7,8,3.1
2015,7,10,1.4
2015,7,11,1.8
2015,7,12,1.3
2015,7,13,2.6
2015,7,16,1
2015,7,18,3.6
2015,7,20,1.2
2015,7,25,1.5
2015,7,26,22.9
2015,7,27,11.9
2015,7,28,9.5
2015,7,29,8.3
2015,7,31,1.9
2015,8,1,1
2015,8,2,1.4
2015,8,10,1.6
2015,8,13,13.2
2015,8,14,9.2
2015,8,18,10.9
2015,8,19,5.4
2015,8,21,5.7
2015,8,22,14.1
2015,8,23,5.2
2015,8,25,1.7
2015,8,31,2
2015,9,2,1.9
2015,9,4,1.1
2015,9,11,2.2
2015,9,12,4.9
2015,9,14,5.6
2015,9,15,3.6
2015,9,20,1.3
2015,9,21,3.7
2015,9,22,1.5
2015,10,5,10.4
2015,10,6,9.9
2015,10,7,4.5
2015,10,12,4.9
2015,10,20,8.4
2015,10,28,8.8
2015,10,29,7.2
2015,10,30,4.3
2015,11,3,1
2015,11,5,1
2015,11,6,4.3
2015,11,7,9.9
2015,11,8,5.5
2015,11,10,6
2015,11,11,4.8
2015,11,12,8.1
2015,11,13,1.5
2015,11,14,20.2
2015,11,17,7.1
2015,11,18,7
2015,11,20,6
2015,11,21,1
2015,11,22,2.6
2015,11,23,3.9
2015,11,27,3.4
2015,11,28,3.4
2015,11,29,3.9
2015,11,30,10.1
2015,12,1,2
2015,12,3,13
2015,12,4,1.9
2015,12,5,1.2
2015,12,7,1
2015,12,9,2.9
2015,12,10,2.4
2015,12,12,15.3
2015,12,13,2.8
2015,12,19,16.6
2015,12,20,2
2015,12,21,4.4
2015,12,22,2.7
2015,12,25,24.1
2015,12,26,10.4
2015,12,30,2.8
2015,12,31,1.1
,,,
,,,
,,,
,,,
,,,
,,,
,,,
,,,
,,,
,,,
,,,
,,,
,,,
,,,
,,,
,,,
,,,
,,,
,,,
,,,
,,,
,,,
,,,
,,,
,,,
,,,
,,,
,,,
,,,
,,,
,,,
,,,
,,,
,,,
,,,
,,,
,,,
,,,
,,,
,,,
,,,
,,,
,,,
,,,
,,,
,,,
,,,
,,,
,,,
,,,
,,,
,,,
,,,
,,,
,,,
,,,
,,,
,,,
,,,
,,,
,,,
,,,
,,,
,,,
,,,
,,,
,,,
,,,
,,,
,,,
,,,
,,,
,,,
,,,
,,,
,,,
,,,
,,,
,,,
,,,
,,,
,,,
,,,
,,,
,,,
,,,
,,,
,,,
,,,
,,,
,,,
,,,
,,,
,,,
,,,
,,,
,,,
,,,
,,,
,,,
,,,
,,,
,,,
,,,
,,,
,,,
,,,
,,,
,,,
,,,
,,,
,,,
,,,
,,,
,,,
,,,
,,,
,,,
,,,
,,,
,,,
,,,
,,,
,,,
,,,
,,,
,,,
,,,
,,,
,,,
,,,
,,,
,,,
,,,
,,,
,,,
,,,
,,,
,,,
,,,
,,,
,,,
,,,
,,,
,,,
,,,
,,,
,,,
,,,
,,,
,,,
,,,
,,,
,,,
,,,
,,,
,,,
,,,
,,,
,,,
,,,
,,,
,,,
,,,
,,,
,,,
,,,
,,,
,,,
,,,
,,,
,,,
,,,
,,,
,,,
,,,
,,,
,,,
,,,
,,,
,,,
,,,
,,,
,,,
,,,
,,,
,,,
,,,
,,,
,,,
,,,
,,,
,,,
,,,
,,,
,,,
,,,
,,,
,,,
,,,
,,,
,,,
,,,
,,,
,,,
,,,
,,,
,,,
,,,
,,,
,,,
,,,
,,,
,,,
,,,
,,,
,,,
,,,
,,,
,,,
,,,
,,,
,,,
,,,
,,,
,,,
,,,
,,,
,,,
,,,
,,,
,,,
,,,
,,,
,,,
,,,
,,,
,,,
,,,
,,,
,,,
,,,
,,,
,,,
,,,
,,,
,,,
,,,
,,,
,,,
,,,
,,,
,,,
,,,
,,,
,,,
,,,
,,,
,,,
,,,
,,,
,,,
,,,
,,,
,,,
,,,
,,,
,,,
,,,
,,,
,,,
,,,
,,,
,,,
,,,
,,,
,,,
,,,
,,,
,,,
,,,
,,,
,,,
,,,
,,,
,,,
,,,
,,,
,,,
,,,
,,,
,,,
,,,
,,,
,,,
,,,
,,,
,,,
,,,
,,,
,,,
,,,
,,,
,,,
,,,
,,,
,,,
,,,
,,,
,,,
,,,
,,,
,,,
,,,
,,,
,,,
,,,
,,,
,,,
,,,
,,,
,,,
,,,
,,,
,,,
,,,
,,,
,,,
,,,
,,,
,,,
,,,
,,,
,,,